cwd,exit,items,ppid,pid,comm,timedelta,id_anomalies,num_id_anomalies
/home/matteo/Desktop/priv_esc_scripts/linpeas,0,2,17104,17106,cut,,0,0
/home/matteo/Desktop/priv_esc_scripts/linpeas,0,2,3513,17103,grep,0.002000093460083008,0,0
/home/matteo/Desktop/priv_esc_scripts/linpeas,0,2,17109,17111,cut,0.004999876022338867,0,0
/home/matteo/Desktop/priv_esc_scripts/linpeas,0,2,3513,17108,grep,0.003999948501586914,0,0
/home/matteo/Desktop/priv_esc_scripts/linpeas,0,2,17114,17116,cut,0.004000186920166016,0,0
/home/matteo/Desktop/priv_esc_scripts/linpeas,0,2,3513,17113,grep,0.0019998550415039062,0,0
/home/matteo/Desktop/priv_esc_scripts/linpeas,0,2,17119,17121,cut,0.006000041961669922,0,0
/home/matteo/Desktop/priv_esc_scripts/linpeas,0,2,3513,17118,grep,0.003999948501586914,0,0
/home/matteo/Desktop/priv_esc_scripts/linpeas,0,2,17124,17126,cut,0.005000114440917969,0,0
/home/matteo/Desktop/priv_esc_scripts/linpeas,0,2,3513,17123,grep,0.0019998550415039062,0,0
/home/matteo/Desktop/priv_esc_scripts/linpeas,0,2,17129,17131,cut,0.005000114440917969,0,0
/home/matteo/Desktop/priv_esc_scripts/linpeas,0,2,3513,17128,grep,0.002000093460083008,0,0
/home/matteo/Desktop/priv_esc_scripts/linpeas,0,2,17134,17136,cut,0.004999876022338867,0,0
/home/matteo/Desktop/priv_esc_scripts/linpeas,0,2,3513,17133,grep,0.003000020980834961,0,0
/home/matteo/Desktop/priv_esc_scripts/linpeas,0,2,17139,17141,cut,0.003000020980834961,0,0
/home/matteo/Desktop/priv_esc_scripts/linpeas,0,2,3513,17138,grep,0.002000093460083008,0,0
/home/matteo/Desktop/priv_esc_scripts/linpeas,0,2,17144,17146,cut,0.00599980354309082,0,0
/home/matteo/Desktop/priv_esc_scripts/linpeas,0,2,3513,17143,grep,0.004000186920166016,0,0
/home/matteo/Desktop/priv_esc_scripts/linpeas,0,2,3513,17148,grep,0.003999948501586914,0,0
/home/matteo/Desktop/priv_esc_scripts/linpeas,0,2,3513,17150,sed,0.003999948501586914,0,0
/home/matteo/Desktop/priv_esc_scripts/linpeas,0,2,3513,17152,sed,0.0,0,0
/home/matteo/Desktop/priv_esc_scripts/linpeas,0,2,3513,17154,sed,0.006000041961669922,0,0
/home/matteo/Desktop/priv_esc_scripts/linpeas,0,2,3513,17155,sed,0.0009999275207519531,0,0
/home/matteo/Desktop/priv_esc_scripts/linpeas,0,2,3513,17153,sed,0.0009999275207519531,0,0
/home/matteo/Desktop/priv_esc_scripts/linpeas,0,2,3513,17151,sed,0.005000114440917969,0,0
/home/matteo/Desktop/priv_esc_scripts/linpeas,0,2,3513,17156,ls,0.012000083923339844,0,0
/home/matteo/Desktop/priv_esc_scripts/linpeas,0,2,3513,17158,grep,0.003999948501586914,0,0
/home/matteo/Desktop/priv_esc_scripts/linpeas,0,2,17159,17161,awk,0.004999876022338867,0,0
/home/matteo/Desktop/priv_esc_scripts/linpeas,0,2,17164,17166,cut,0.0559999942779541,0,0
/home/matteo/Desktop/priv_esc_scripts/linpeas,0,2,3513,17163,grep,0.006999969482421875,0,0
/home/matteo/Desktop/priv_esc_scripts/linpeas,0,2,17169,17171,cut,0.005000114440917969,0,0
/home/matteo/Desktop/priv_esc_scripts/linpeas,0,2,3513,17168,grep,0.002000093460083008,0,0
/home/matteo/Desktop/priv_esc_scripts/linpeas,0,2,17174,17176,cut,0.01699995994567871,0,0
/home/matteo/Desktop/priv_esc_scripts/linpeas,0,2,3513,17173,grep,0.011999845504760742,0,0
/home/matteo/Desktop/priv_esc_scripts/linpeas,0,2,17179,17181,cut,0.005000114440917969,0,0
/home/matteo/Desktop/priv_esc_scripts/linpeas,0,2,3513,17178,grep,0.012000083923339844,0,0
/home/matteo/Desktop/priv_esc_scripts/linpeas,0,2,17184,17186,cut,0.004999876022338867,0,0
/home/matteo/Desktop/priv_esc_scripts/linpeas,0,2,3513,17183,grep,0.003000020980834961,0,0
/home/matteo/Desktop/priv_esc_scripts/linpeas,0,2,17189,17191,cut,0.009000062942504883,0,0
/home/matteo/Desktop/priv_esc_scripts/linpeas,0,2,3513,17188,grep,0.003999948501586914,0,0
/home/matteo/Desktop/priv_esc_scripts/linpeas,0,2,17194,17196,cut,0.003999948501586914,0,0
/home/matteo/Desktop/priv_esc_scripts/linpeas,0,2,3513,17193,grep,0.003999948501586914,0,0
/home/matteo/Desktop/priv_esc_scripts/linpeas,0,2,17199,17201,cut,0.002000093460083008,0,0
/home/matteo/Desktop/priv_esc_scripts/linpeas,0,2,3513,17198,grep,0.003999948501586914,0,0
/home/matteo/Desktop/priv_esc_scripts/linpeas,0,2,17204,17206,cut,0.006999969482421875,0,0
/home/matteo/Desktop/priv_esc_scripts/linpeas,0,2,3513,17203,grep,0.003000020980834961,0,0
/home/matteo/Desktop/priv_esc_scripts/linpeas,0,2,17209,17211,cut,0.006000041961669922,0,0
/home/matteo/Desktop/priv_esc_scripts/linpeas,0,2,3513,17208,grep,0.003999948501586914,0,0
/home/matteo/Desktop/priv_esc_scripts/linpeas,0,2,17214,17216,cut,0.004000186920166016,0,0
/home/matteo/Desktop/priv_esc_scripts/linpeas,0,2,3513,17213,grep,0.0029997825622558594,0,0
/home/matteo/Desktop/priv_esc_scripts/linpeas,0,2,17219,17221,cut,0.005000114440917969,0,0
/home/matteo/Desktop/priv_esc_scripts/linpeas,0,2,3513,17218,grep,0.003000020980834961,0,0
/home/matteo/Desktop/priv_esc_scripts/linpeas,0,2,17224,17226,cut,0.004999876022338867,0,0
/home/matteo/Desktop/priv_esc_scripts/linpeas,0,2,3513,17223,grep,0.003000020980834961,0,0
/home/matteo/Desktop/priv_esc_scripts/linpeas,0,2,17229,17231,cut,0.004000186920166016,0,0
/home/matteo/Desktop/priv_esc_scripts/linpeas,0,2,3513,17228,grep,0.0019998550415039062,0,0
/home/matteo/Desktop/priv_esc_scripts/linpeas,0,2,17234,17236,cut,0.003999948501586914,0,0
/home/matteo/Desktop/priv_esc_scripts/linpeas,0,2,3513,17233,grep,0.003000020980834961,0,0
/home/matteo/Desktop/priv_esc_scripts/linpeas,0,2,17239,17241,cut,0.003000020980834961,0,0
/home/matteo/Desktop/priv_esc_scripts/linpeas,0,2,3513,17238,grep,0.003000020980834961,0,0
/home/matteo/Desktop/priv_esc_scripts/linpeas,0,2,17244,17246,cut,0.005000114440917969,0,0
/home/matteo/Desktop/priv_esc_scripts/linpeas,0,2,3513,17243,grep,0.0029997825622558594,0,0
/home/matteo/Desktop/priv_esc_scripts/linpeas,0,2,17249,17251,cut,0.006000041961669922,0,0
/home/matteo/Desktop/priv_esc_scripts/linpeas,0,2,3513,17248,grep,0.004000186920166016,0,0
/home/matteo/Desktop/priv_esc_scripts/linpeas,0,2,17254,17256,cut,0.003999948501586914,0,0
/home/matteo/Desktop/priv_esc_scripts/linpeas,0,2,3513,17253,grep,0.003000020980834961,0,0
/home/matteo/Desktop/priv_esc_scripts/linpeas,0,2,17259,17261,cut,0.003999948501586914,0,0
/home/matteo/Desktop/priv_esc_scripts/linpeas,0,2,3513,17258,grep,0.0009999275207519531,0,0
/home/matteo/Desktop/priv_esc_scripts/linpeas,0,2,17264,17266,cut,0.005000114440917969,0,0
/home/matteo/Desktop/priv_esc_scripts/linpeas,0,2,3513,17263,grep,0.0019998550415039062,0,0
/home/matteo/Desktop/priv_esc_scripts/linpeas,0,2,17269,17271,cut,0.006000041961669922,0,0
/home/matteo/Desktop/priv_esc_scripts/linpeas,0,2,3513,17268,grep,0.002000093460083008,0,0
/home/matteo/Desktop/priv_esc_scripts/linpeas,0,2,17274,17276,cut,0.003999948501586914,0,0
/home/matteo/Desktop/priv_esc_scripts/linpeas,0,2,3513,17273,grep,0.003999948501586914,0,0
/home/matteo/Desktop/priv_esc_scripts/linpeas,0,2,17279,17281,cut,0.006000041961669922,0,0
/home/matteo/Desktop/priv_esc_scripts/linpeas,0,2,3513,17278,grep,0.003999948501586914,0,0
/home/matteo/Desktop/priv_esc_scripts/linpeas,0,2,17284,17286,cut,0.003999948501586914,0,0
/home/matteo/Desktop/priv_esc_scripts/linpeas,0,2,3513,17283,grep,0.004000186920166016,0,0
/home/matteo/Desktop/priv_esc_scripts/linpeas,0,2,17289,17291,cut,0.00599980354309082,0,0
/home/matteo/Desktop/priv_esc_scripts/linpeas,0,2,3513,17288,grep,0.004000186920166016,0,0
/home/matteo/Desktop/priv_esc_scripts/linpeas,0,2,17294,17296,cut,0.003999948501586914,0,0
/home/matteo/Desktop/priv_esc_scripts/linpeas,0,2,3513,17293,grep,0.003999948501586914,0,0
/home/matteo/Desktop/priv_esc_scripts/linpeas,0,2,17299,17301,cut,0.005000114440917969,0,0
/home/matteo/Desktop/priv_esc_scripts/linpeas,0,2,3513,17298,grep,0.004999876022338867,0,0
/home/matteo/Desktop/priv_esc_scripts/linpeas,0,2,17304,17306,cut,0.006000041961669922,0,0
/home/matteo/Desktop/priv_esc_scripts/linpeas,0,2,3513,17303,grep,0.005000114440917969,0,0
/home/matteo/Desktop/priv_esc_scripts/linpeas,0,2,17309,17311,cut,0.00599980354309082,0,0
/home/matteo/Desktop/priv_esc_scripts/linpeas,0,2,3513,17308,grep,0.004000186920166016,0,0
/home/matteo/Desktop/priv_esc_scripts/linpeas,0,2,17314,17316,cut,0.006999969482421875,0,0
/home/matteo/Desktop/priv_esc_scripts/linpeas,0,2,3513,17313,grep,0.003000020980834961,0,0
/home/matteo/Desktop/priv_esc_scripts/linpeas,0,2,17319,17321,cut,0.006999969482421875,0,0
/home/matteo/Desktop/priv_esc_scripts/linpeas,0,2,3513,17318,grep,0.003000020980834961,0,0
/home/matteo/Desktop/priv_esc_scripts/linpeas,0,2,17324,17326,cut,0.004999876022338867,0,0
/home/matteo/Desktop/priv_esc_scripts/linpeas,0,2,3513,17323,grep,0.005000114440917969,0,0
/home/matteo/Desktop/priv_esc_scripts/linpeas,0,2,17329,17331,cut,0.004999876022338867,0,0
/home/matteo/Desktop/priv_esc_scripts/linpeas,0,2,3513,17328,grep,0.005000114440917969,0,0
/home/matteo/Desktop/priv_esc_scripts/linpeas,0,2,17334,17336,cut,0.006999969482421875,0,0
/home/matteo/Desktop/priv_esc_scripts/linpeas,0,2,3513,17333,grep,0.0019998550415039062,0,0
/home/matteo/Desktop/priv_esc_scripts/linpeas,0,2,17339,17341,cut,0.00800013542175293,0,0
/home/matteo/Desktop/priv_esc_scripts/linpeas,0,2,3513,17338,grep,0.003999948501586914,0,0
/home/matteo/Desktop/priv_esc_scripts/linpeas,0,2,17344,17346,cut,0.005000114440917969,0,0
/home/matteo/Desktop/priv_esc_scripts/linpeas,0,2,3513,17343,grep,0.004999876022338867,0,0
/home/matteo/Desktop/priv_esc_scripts/linpeas,0,2,17349,17351,cut,0.006000041961669922,0,0
/home/matteo/Desktop/priv_esc_scripts/linpeas,0,2,3513,17348,grep,0.003999948501586914,0,0
/home/matteo/Desktop/priv_esc_scripts/linpeas,0,2,17354,17356,cut,0.005000114440917969,0,0
/home/matteo/Desktop/priv_esc_scripts/linpeas,0,2,3513,17353,grep,0.0019998550415039062,0,0
/home/matteo/Desktop/priv_esc_scripts/linpeas,0,2,17359,17361,cut,0.00800013542175293,0,0
/home/matteo/Desktop/priv_esc_scripts/linpeas,0,2,3513,17358,grep,0.004999876022338867,0,0
/home/matteo/Desktop/priv_esc_scripts/linpeas,0,2,17364,17366,cut,0.003000020980834961,0,0
/home/matteo/Desktop/priv_esc_scripts/linpeas,0,2,3513,17363,grep,0.003999948501586914,0,0
/home/matteo/Desktop/priv_esc_scripts/linpeas,0,2,17369,17371,cut,0.004000186920166016,0,0
/home/matteo/Desktop/priv_esc_scripts/linpeas,0,2,3513,17368,grep,0.003999948501586914,0,0
/home/matteo/Desktop/priv_esc_scripts/linpeas,0,2,17374,17376,cut,0.004999876022338867,0,0
/home/matteo/Desktop/priv_esc_scripts/linpeas,0,2,3513,17373,grep,0.002000093460083008,0,0
/home/matteo/Desktop/priv_esc_scripts/linpeas,0,2,17379,17381,cut,0.004999876022338867,0,0
/home/matteo/Desktop/priv_esc_scripts/linpeas,0,2,3513,17378,grep,0.003000020980834961,0,0
/home/matteo/Desktop/priv_esc_scripts/linpeas,0,2,17384,17386,cut,0.004000186920166016,0,0
/home/matteo/Desktop/priv_esc_scripts/linpeas,0,2,3513,17383,grep,0.004999876022338867,0,0
/home/matteo/Desktop/priv_esc_scripts/linpeas,0,2,17389,17391,cut,0.003999948501586914,0,0
/home/matteo/Desktop/priv_esc_scripts/linpeas,0,2,3513,17388,grep,0.003000020980834961,0,0
/home/matteo/Desktop/priv_esc_scripts/linpeas,0,2,17394,17396,cut,0.006000041961669922,0,0
/home/matteo/Desktop/priv_esc_scripts/linpeas,0,2,3513,17393,grep,0.003000020980834961,0,0
/home/matteo/Desktop/priv_esc_scripts/linpeas,0,2,17399,17401,cut,0.004999876022338867,0,0
/home/matteo/Desktop/priv_esc_scripts/linpeas,0,2,3513,17398,grep,0.002000093460083008,0,0
/home/matteo/Desktop/priv_esc_scripts/linpeas,0,2,17404,17406,cut,0.005000114440917969,0,0
/home/matteo/Desktop/priv_esc_scripts/linpeas,0,2,3513,17403,grep,0.003000020980834961,0,0
/home/matteo/Desktop/priv_esc_scripts/linpeas,0,2,17409,17411,cut,0.00599980354309082,0,0
/home/matteo/Desktop/priv_esc_scripts/linpeas,0,2,3513,17408,grep,0.003000020980834961,0,0
/home/matteo/Desktop/priv_esc_scripts/linpeas,0,2,17414,17416,cut,0.005000114440917969,0,0
/home/matteo/Desktop/priv_esc_scripts/linpeas,0,2,3513,17413,grep,0.003000020980834961,0,0
/home/matteo/Desktop/priv_esc_scripts/linpeas,0,2,17419,17421,cut,0.006000041961669922,0,0
/home/matteo/Desktop/priv_esc_scripts/linpeas,0,2,3513,17418,grep,0.003999948501586914,0,0
/home/matteo/Desktop/priv_esc_scripts/linpeas,0,2,17424,17426,cut,0.004999876022338867,0,0
/home/matteo/Desktop/priv_esc_scripts/linpeas,0,2,3513,17423,grep,0.003000020980834961,0,0
/home/matteo/Desktop/priv_esc_scripts/linpeas,0,2,17429,17431,cut,0.003999948501586914,0,0
/home/matteo/Desktop/priv_esc_scripts/linpeas,0,2,3513,17428,grep,0.004000186920166016,0,0
/home/matteo/Desktop/priv_esc_scripts/linpeas,0,2,17434,17436,cut,0.003999948501586914,0,0
/home/matteo/Desktop/priv_esc_scripts/linpeas,0,2,3513,17433,grep,0.003000020980834961,0,0
/home/matteo/Desktop/priv_esc_scripts/linpeas,0,2,3513,17438,grep,0.003000020980834961,0,0
/home/matteo/Desktop/priv_esc_scripts/linpeas,0,2,3513,17440,grep,0.004999876022338867,0,0
/home/matteo/Desktop/priv_esc_scripts/linpeas,0,2,3513,17442,grep,0.003000020980834961,0,0
/home/matteo/Desktop/priv_esc_scripts/linpeas,0,2,3513,17444,sed,0.003999948501586914,0,0
/home/matteo/Desktop/priv_esc_scripts/linpeas,0,2,3513,17449,sed,0.002000093460083008,0,0
/home/matteo/Desktop/priv_esc_scripts/linpeas,0,2,3513,17447,sed,0.002000093460083008,0,0
/home/matteo/Desktop/priv_esc_scripts/linpeas,0,2,3513,17448,sed,0.003999948501586914,0,0
/home/matteo/Desktop/priv_esc_scripts/linpeas,0,2,3513,17446,sed,0.0,0,0
/home/matteo/Desktop/priv_esc_scripts/linpeas,0,2,3513,17445,sed,0.0,0,0
/home/matteo/Desktop/priv_esc_scripts/linpeas,0,2,3513,17450,ls,0.010999917984008789,0,0
/home/matteo/Desktop/priv_esc_scripts/linpeas,0,2,3513,17452,grep,0.003000020980834961,0,0
/home/matteo/Desktop/priv_esc_scripts/linpeas,0,2,17453,17455,awk,0.003999948501586914,0,0
/home/matteo/Desktop/priv_esc_scripts/linpeas,0,2,17458,17460,cut,0.019999980926513672,0,0
/home/matteo/Desktop/priv_esc_scripts/linpeas,0,2,3513,17457,grep,0.012000083923339844,0,0
/home/matteo/Desktop/priv_esc_scripts/linpeas,0,2,17463,17465,cut,0.009999990463256836,0,0
/home/matteo/Desktop/priv_esc_scripts/linpeas,0,2,3513,17462,grep,0.010999917984008789,0,0
/home/matteo/Desktop/priv_esc_scripts/linpeas,0,2,17468,17470,cut,0.004000186920166016,0,0
/home/matteo/Desktop/priv_esc_scripts/linpeas,0,2,3513,17467,grep,0.003999948501586914,0,0
/home/matteo/Desktop/priv_esc_scripts/linpeas,0,2,17473,17475,cut,0.003000020980834961,0,0
/home/matteo/Desktop/priv_esc_scripts/linpeas,0,2,3513,17472,grep,0.004999876022338867,0,0
/home/matteo/Desktop/priv_esc_scripts/linpeas,0,2,17478,17480,cut,0.012000083923339844,0,0
/home/matteo/Desktop/priv_esc_scripts/linpeas,0,2,3513,17477,grep,0.006999969482421875,0,0
/home/matteo/Desktop/priv_esc_scripts/linpeas,0,2,17483,17485,cut,0.003000020980834961,0,0
/home/matteo/Desktop/priv_esc_scripts/linpeas,0,2,3513,17482,grep,0.003999948501586914,0,0
/home/matteo/Desktop/priv_esc_scripts/linpeas,0,2,17488,17490,cut,0.005000114440917969,0,0
/home/matteo/Desktop/priv_esc_scripts/linpeas,0,2,3513,17487,grep,0.003999948501586914,0,0
/home/matteo/Desktop/priv_esc_scripts/linpeas,0,2,17493,17495,cut,0.003999948501586914,0,0
/home/matteo/Desktop/priv_esc_scripts/linpeas,0,2,3513,17492,grep,0.003999948501586914,0,0
/home/matteo/Desktop/priv_esc_scripts/linpeas,0,2,17498,17500,cut,0.003999948501586914,0,0
/home/matteo/Desktop/priv_esc_scripts/linpeas,0,2,3513,17497,grep,0.005000114440917969,0,0
/home/matteo/Desktop/priv_esc_scripts/linpeas,0,2,17503,17505,cut,0.004999876022338867,0,0
/home/matteo/Desktop/priv_esc_scripts/linpeas,0,2,3513,17502,grep,0.003000020980834961,0,0
/home/matteo/Desktop/priv_esc_scripts/linpeas,0,2,17508,17510,cut,0.003000020980834961,0,0
/home/matteo/Desktop/priv_esc_scripts/linpeas,0,2,3513,17507,grep,0.004000186920166016,0,0
/home/matteo/Desktop/priv_esc_scripts/linpeas,0,2,17513,17515,cut,0.0029997825622558594,0,0
/home/matteo/Desktop/priv_esc_scripts/linpeas,0,2,3513,17512,grep,0.005000114440917969,0,0
/home/matteo/Desktop/priv_esc_scripts/linpeas,0,2,17518,17520,cut,0.002000093460083008,0,0
/home/matteo/Desktop/priv_esc_scripts/linpeas,0,2,3513,17517,grep,0.015999794006347656,0,0
/home/matteo/Desktop/priv_esc_scripts/linpeas,0,2,17523,17525,cut,0.005000114440917969,0,0
/home/matteo/Desktop/priv_esc_scripts/linpeas,0,2,3513,17522,grep,0.003000020980834961,0,0
/home/matteo/Desktop/priv_esc_scripts/linpeas,0,2,17528,17530,cut,0.006999969482421875,0,0
/home/matteo/Desktop/priv_esc_scripts/linpeas,0,2,3513,17527,grep,0.002000093460083008,0,0
/home/matteo/Desktop/priv_esc_scripts/linpeas,0,2,17533,17535,cut,0.011999845504760742,0,0
/home/matteo/Desktop/priv_esc_scripts/linpeas,0,2,3513,17532,grep,0.005000114440917969,0,0
/home/matteo/Desktop/priv_esc_scripts/linpeas,0,2,17538,17540,cut,0.006999969482421875,0,0
/home/matteo/Desktop/priv_esc_scripts/linpeas,0,2,3513,17537,grep,0.003000020980834961,0,0
/home/matteo/Desktop/priv_esc_scripts/linpeas,0,2,17543,17545,cut,0.006000041961669922,0,0
/home/matteo/Desktop/priv_esc_scripts/linpeas,0,2,3513,17542,grep,0.004999876022338867,0,0
/home/matteo/Desktop/priv_esc_scripts/linpeas,0,2,17548,17550,cut,0.006000041961669922,0,0
/home/matteo/Desktop/priv_esc_scripts/linpeas,0,2,3513,17547,grep,0.003999948501586914,0,0
/home/matteo/Desktop/priv_esc_scripts/linpeas,0,2,17553,17555,cut,0.005000114440917969,0,0
/home/matteo/Desktop/priv_esc_scripts/linpeas,0,2,3513,17552,grep,0.003000020980834961,0,0
/home/matteo/Desktop/priv_esc_scripts/linpeas,0,2,17558,17560,cut,0.004999876022338867,0,0
/home/matteo/Desktop/priv_esc_scripts/linpeas,0,2,3513,17557,grep,0.003999948501586914,0,0
/home/matteo/Desktop/priv_esc_scripts/linpeas,0,2,17563,17565,cut,0.003000020980834961,0,0
/home/matteo/Desktop/priv_esc_scripts/linpeas,0,2,3513,17562,grep,0.005000114440917969,0,0
/home/matteo/Desktop/priv_esc_scripts/linpeas,0,2,17568,17570,cut,0.006000041961669922,0,0
/home/matteo/Desktop/priv_esc_scripts/linpeas,0,2,3513,17567,grep,0.0009999275207519531,0,0
/home/matteo/Desktop/priv_esc_scripts/linpeas,0,2,17573,17575,cut,0.003999948501586914,0,0
/home/matteo/Desktop/priv_esc_scripts/linpeas,0,2,3513,17572,grep,0.003999948501586914,0,0
/home/matteo/Desktop/priv_esc_scripts/linpeas,0,2,17578,17580,cut,0.004000186920166016,0,0
/home/matteo/Desktop/priv_esc_scripts/linpeas,0,2,3513,17577,grep,0.0029997825622558594,0,0
/home/matteo/Desktop/priv_esc_scripts/linpeas,0,2,17583,17585,cut,0.004000186920166016,0,0
/home/matteo/Desktop/priv_esc_scripts/linpeas,0,2,3513,17582,grep,0.004999876022338867,0,0
/home/matteo/Desktop/priv_esc_scripts/linpeas,0,2,17588,17590,cut,0.005000114440917969,0,0
/home/matteo/Desktop/priv_esc_scripts/linpeas,0,2,3513,17587,grep,0.003000020980834961,0,0
/home/matteo/Desktop/priv_esc_scripts/linpeas,0,2,17593,17595,cut,0.004999876022338867,0,0
/home/matteo/Desktop/priv_esc_scripts/linpeas,0,2,3513,17592,grep,0.003000020980834961,0,0
/home/matteo/Desktop/priv_esc_scripts/linpeas,0,2,17598,17600,cut,0.003000020980834961,0,0
/home/matteo/Desktop/priv_esc_scripts/linpeas,0,2,3513,17597,grep,0.003999948501586914,0,0
/home/matteo/Desktop/priv_esc_scripts/linpeas,0,2,17603,17605,cut,0.005000114440917969,0,0
/home/matteo/Desktop/priv_esc_scripts/linpeas,0,2,3513,17602,grep,0.003000020980834961,0,0
/home/matteo/Desktop/priv_esc_scripts/linpeas,0,2,17608,17610,cut,0.00599980354309082,0,0
/home/matteo/Desktop/priv_esc_scripts/linpeas,0,2,3513,17607,grep,0.003000020980834961,0,0
/home/matteo/Desktop/priv_esc_scripts/linpeas,0,2,17613,17615,cut,0.005000114440917969,0,0
/home/matteo/Desktop/priv_esc_scripts/linpeas,0,2,17616,17618,cut,0.003999948501586914,0,0
/home/matteo/Desktop/priv_esc_scripts/linpeas,0,2,3513,17612,sed,0.002000093460083008,0,0
/home/matteo/Desktop/priv_esc_scripts/linpeas,0,2,3513,17619,ls,0.004999876022338867,0,0
/home/matteo/Desktop/priv_esc_scripts/linpeas,0,2,3513,17621,grep,0.003000020980834961,0,0
/home/matteo/Desktop/priv_esc_scripts/linpeas,0,2,17622,17624,awk,0.006000041961669922,0,0
/home/matteo/Desktop/priv_esc_scripts/linpeas,0,2,17627,17629,cut,0.05800008773803711,0,0
/home/matteo/Desktop/priv_esc_scripts/linpeas,0,2,3513,17626,grep,0.00599980354309082,0,0
/home/matteo/Desktop/priv_esc_scripts/linpeas,0,2,17632,17634,cut,0.006000041961669922,0,0
/home/matteo/Desktop/priv_esc_scripts/linpeas,0,2,3513,17631,grep,0.005000114440917969,0,0
/home/matteo/Desktop/priv_esc_scripts/linpeas,0,2,17637,17639,cut,0.09399986267089844,0,0
/home/matteo/Desktop/priv_esc_scripts/linpeas,0,2,3513,17636,grep,0.014000177383422852,0,0
/home/matteo/Desktop/priv_esc_scripts/linpeas,0,2,17642,17644,cut,0.003000020980834961,0,0
/home/matteo/Desktop/priv_esc_scripts/linpeas,0,2,3513,17641,grep,0.003999948501586914,0,0
/home/matteo/Desktop/priv_esc_scripts/linpeas,0,2,17647,17649,cut,0.004999876022338867,0,0
/home/matteo/Desktop/priv_esc_scripts/linpeas,0,2,3513,17646,grep,0.003999948501586914,0,0
/home/matteo/Desktop/priv_esc_scripts/linpeas,0,2,17652,17654,cut,0.005000114440917969,0,0
/home/matteo/Desktop/priv_esc_scripts/linpeas,0,2,3513,17651,grep,0.002000093460083008,0,0
/home/matteo/Desktop/priv_esc_scripts/linpeas,0,2,17657,17659,cut,0.003999948501586914,0,0
/home/matteo/Desktop/priv_esc_scripts/linpeas,0,2,3513,17656,grep,0.003000020980834961,0,0
/home/matteo/Desktop/priv_esc_scripts/linpeas,0,2,17662,17664,cut,0.003999948501586914,0,0
/home/matteo/Desktop/priv_esc_scripts/linpeas,0,2,3513,17661,grep,0.002000093460083008,0,0
/home/matteo/Desktop/priv_esc_scripts/linpeas,0,2,17667,17669,cut,0.00599980354309082,0,0
/home/matteo/Desktop/priv_esc_scripts/linpeas,0,2,3513,17666,grep,0.005000114440917969,0,0
/home/matteo/Desktop/priv_esc_scripts/linpeas,0,2,17672,17674,cut,0.004999876022338867,0,0
/home/matteo/Desktop/priv_esc_scripts/linpeas,0,2,3513,17671,grep,0.004000186920166016,0,0
/home/matteo/Desktop/priv_esc_scripts/linpeas,0,2,17677,17679,cut,0.00599980354309082,0,0
/home/matteo/Desktop/priv_esc_scripts/linpeas,0,2,3513,17676,grep,0.004000186920166016,0,0
/home/matteo/Desktop/priv_esc_scripts/linpeas,0,2,17682,17684,cut,0.006000041961669922,0,0
/home/matteo/Desktop/priv_esc_scripts/linpeas,0,2,3513,17681,grep,0.003999948501586914,0,0
/home/matteo/Desktop/priv_esc_scripts/linpeas,0,2,17687,17689,cut,0.006000041961669922,0,0
/home/matteo/Desktop/priv_esc_scripts/linpeas,0,2,3513,17686,grep,0.0029997825622558594,0,0
/home/matteo/Desktop/priv_esc_scripts/linpeas,0,2,17692,17694,cut,0.006000041961669922,0,0
/home/matteo/Desktop/priv_esc_scripts/linpeas,0,2,3513,17691,grep,0.002000093460083008,0,0
/home/matteo/Desktop/priv_esc_scripts/linpeas,0,2,17697,17699,cut,0.004999876022338867,0,0
/home/matteo/Desktop/priv_esc_scripts/linpeas,0,2,3513,17696,grep,0.002000093460083008,0,0
/home/matteo/Desktop/priv_esc_scripts/linpeas,0,2,17702,17704,cut,0.003999948501586914,0,0
/home/matteo/Desktop/priv_esc_scripts/linpeas,0,2,3513,17701,grep,0.002000093460083008,0,0
/home/matteo/Desktop/priv_esc_scripts/linpeas,0,2,17707,17709,cut,0.004999876022338867,0,0
/home/matteo/Desktop/priv_esc_scripts/linpeas,0,2,3513,17706,grep,0.004000186920166016,0,0
/home/matteo/Desktop/priv_esc_scripts/linpeas,0,2,17712,17714,cut,0.003999948501586914,0,0
/home/matteo/Desktop/priv_esc_scripts/linpeas,0,2,3513,17711,grep,0.003999948501586914,0,0
/home/matteo/Desktop/priv_esc_scripts/linpeas,0,2,17717,17719,cut,0.005000114440917969,0,0
/home/matteo/Desktop/priv_esc_scripts/linpeas,0,2,3513,17716,grep,0.0029997825622558594,0,0
/home/matteo/Desktop/priv_esc_scripts/linpeas,0,2,17722,17724,cut,0.006000041961669922,0,0
/home/matteo/Desktop/priv_esc_scripts/linpeas,0,2,3513,17721,grep,0.002000093460083008,0,0
/home/matteo/Desktop/priv_esc_scripts/linpeas,0,2,17727,17729,cut,0.09100008010864258,0,0
/home/matteo/Desktop/priv_esc_scripts/linpeas,0,2,3513,17726,grep,0.007999897003173828,0,0
/home/matteo/Desktop/priv_esc_scripts/linpeas,0,2,17732,17734,cut,0.009000062942504883,0,0
/home/matteo/Desktop/priv_esc_scripts/linpeas,0,2,3513,17731,grep,0.004999876022338867,0,0
/home/matteo/Desktop/priv_esc_scripts/linpeas,0,2,17737,17739,cut,0.006999969482421875,0,0
/home/matteo/Desktop/priv_esc_scripts/linpeas,0,2,3513,17736,grep,0.004000186920166016,0,0
/home/matteo/Desktop/priv_esc_scripts/linpeas,0,2,17742,17744,cut,0.00599980354309082,0,0
/home/matteo/Desktop/priv_esc_scripts/linpeas,0,2,3513,17741,grep,0.004000186920166016,0,0
/home/matteo/Desktop/priv_esc_scripts/linpeas,0,2,17747,17749,cut,0.003999948501586914,0,0
/home/matteo/Desktop/priv_esc_scripts/linpeas,0,2,3513,17746,grep,0.004999876022338867,0,0
/home/matteo/Desktop/priv_esc_scripts/linpeas,0,2,17752,17754,cut,0.00800013542175293,0,0
/home/matteo/Desktop/priv_esc_scripts/linpeas,0,2,3513,17751,grep,0.003999948501586914,0,0
/home/matteo/Desktop/priv_esc_scripts/linpeas,0,2,17757,17759,cut,0.006000041961669922,0,0
/home/matteo/Desktop/priv_esc_scripts/linpeas,0,2,3513,17756,grep,0.003000020980834961,0,0
/home/matteo/Desktop/priv_esc_scripts/linpeas,0,2,17762,17764,cut,0.004999876022338867,0,0
/home/matteo/Desktop/priv_esc_scripts/linpeas,0,2,3513,17761,grep,0.003999948501586914,0,0
/home/matteo/Desktop/priv_esc_scripts/linpeas,0,2,17767,17769,cut,0.006000041961669922,0,0
/home/matteo/Desktop/priv_esc_scripts/linpeas,0,2,3513,17766,grep,0.003000020980834961,0,0
/home/matteo/Desktop/priv_esc_scripts/linpeas,0,2,17772,17774,cut,0.003999948501586914,0,0
/home/matteo/Desktop/priv_esc_scripts/linpeas,0,2,3513,17771,grep,0.006000041961669922,0,0
/home/matteo/Desktop/priv_esc_scripts/linpeas,0,2,17777,17779,cut,0.003000020980834961,0,0
/home/matteo/Desktop/priv_esc_scripts/linpeas,0,2,3513,17776,grep,0.005000114440917969,0,0
/home/matteo/Desktop/priv_esc_scripts/linpeas,0,2,17782,17784,cut,0.004999876022338867,0,0
/home/matteo/Desktop/priv_esc_scripts/linpeas,0,2,3513,17781,grep,0.002000093460083008,0,0
/home/matteo/Desktop/priv_esc_scripts/linpeas,0,2,17787,17789,cut,0.003999948501586914,0,0
/home/matteo/Desktop/priv_esc_scripts/linpeas,0,2,3513,17786,grep,0.003000020980834961,0,0
/home/matteo/Desktop/priv_esc_scripts/linpeas,0,2,17792,17794,cut,0.003999948501586914,0,0
/home/matteo/Desktop/priv_esc_scripts/linpeas,0,2,3513,17791,grep,0.003999948501586914,0,0
/home/matteo/Desktop/priv_esc_scripts/linpeas,0,2,17797,17799,cut,0.005000114440917969,0,0
/home/matteo/Desktop/priv_esc_scripts/linpeas,0,2,3513,17796,grep,0.003000020980834961,0,0
/home/matteo/Desktop/priv_esc_scripts/linpeas,0,2,17802,17804,cut,0.004999876022338867,0,0
/home/matteo/Desktop/priv_esc_scripts/linpeas,0,2,3513,17801,grep,0.003000020980834961,0,0
/home/matteo/Desktop/priv_esc_scripts/linpeas,0,2,17807,17809,cut,0.006000041961669922,0,0
/home/matteo/Desktop/priv_esc_scripts/linpeas,0,2,3513,17806,grep,0.003000020980834961,0,0
/home/matteo/Desktop/priv_esc_scripts/linpeas,0,2,17812,17814,cut,0.003999948501586914,0,0
/home/matteo/Desktop/priv_esc_scripts/linpeas,0,2,3513,17811,grep,0.003000020980834961,0,0
/home/matteo/Desktop/priv_esc_scripts/linpeas,0,2,17817,17819,cut,0.003000020980834961,0,0
/home/matteo/Desktop/priv_esc_scripts/linpeas,0,2,3513,17816,grep,0.003999948501586914,0,0
/home/matteo/Desktop/priv_esc_scripts/linpeas,0,2,17822,17824,cut,0.003000020980834961,0,0
/home/matteo/Desktop/priv_esc_scripts/linpeas,0,2,3513,17821,grep,0.003000020980834961,0,0
/home/matteo/Desktop/priv_esc_scripts/linpeas,0,2,17827,17829,cut,0.005000114440917969,0,0
/home/matteo/Desktop/priv_esc_scripts/linpeas,0,2,3513,17826,grep,0.0029997825622558594,0,0
/home/matteo/Desktop/priv_esc_scripts/linpeas,0,2,17832,17834,cut,0.005000114440917969,0,0
/home/matteo/Desktop/priv_esc_scripts/linpeas,0,2,3513,17831,grep,0.003000020980834961,0,0
/home/matteo/Desktop/priv_esc_scripts/linpeas,0,2,17837,17839,cut,0.003999948501586914,0,0
/home/matteo/Desktop/priv_esc_scripts/linpeas,0,2,17840,17842,cut,0.005000114440917969,0,0
/home/matteo/Desktop/priv_esc_scripts/linpeas,0,2,3513,17836,sed,0.003000020980834961,0,0
/home/matteo/Desktop/priv_esc_scripts/linpeas,0,2,3513,17843,ls,0.004999876022338867,0,0
/home/matteo/Desktop/priv_esc_scripts/linpeas,0,2,3513,17845,grep,0.003999948501586914,0,0
/home/matteo/Desktop/priv_esc_scripts/linpeas,0,2,17846,17848,awk,0.004000186920166016,0,0
/home/matteo/Desktop/priv_esc_scripts/linpeas,0,2,17851,17853,cut,0.09199976921081543,0,0
/home/matteo/Desktop/priv_esc_scripts/linpeas,0,2,3513,17850,grep,0.009000062942504883,0,0
/home/matteo/Desktop/priv_esc_scripts/linpeas,0,2,17856,17858,cut,0.009000062942504883,0,0
/home/matteo/Desktop/priv_esc_scripts/linpeas,0,2,3513,17855,grep,0.006999969482421875,0,0
/home/matteo/Desktop/priv_esc_scripts/linpeas,0,2,17861,17863,cut,0.026000022888183594,0,0
/home/matteo/Desktop/priv_esc_scripts/linpeas,0,2,3513,17860,grep,0.0009999275207519531,0,0
/home/matteo/Desktop/priv_esc_scripts/linpeas,0,2,17866,17868,cut,0.03299999237060547,0,0
/home/matteo/Desktop/priv_esc_scripts/linpeas,0,2,3513,17865,grep,0.006999969482421875,0,0
/home/matteo/Desktop/priv_esc_scripts/linpeas,0,2,17871,17873,cut,0.005000114440917969,0,0
/home/matteo/Desktop/priv_esc_scripts/linpeas,0,2,3513,17870,grep,0.003000020980834961,0,0
/home/matteo/Desktop/priv_esc_scripts/linpeas,0,2,17876,17878,cut,0.003999948501586914,0,0
/home/matteo/Desktop/priv_esc_scripts/linpeas,0,2,3513,17875,grep,0.003000020980834961,0,0
/home/matteo/Desktop/priv_esc_scripts/linpeas,0,2,17881,17883,cut,0.006000041961669922,0,0
/home/matteo/Desktop/priv_esc_scripts/linpeas,0,2,3513,17880,grep,0.004999876022338867,0,0
/home/matteo/Desktop/priv_esc_scripts/linpeas,0,2,17886,17888,cut,0.003000020980834961,0,0
/home/matteo/Desktop/priv_esc_scripts/linpeas,0,2,3513,17885,grep,0.003999948501586914,0,0
/home/matteo/Desktop/priv_esc_scripts/linpeas,0,2,17891,17893,cut,0.003000020980834961,0,0
/home/matteo/Desktop/priv_esc_scripts/linpeas,0,2,3513,17890,grep,0.003000020980834961,0,0
/home/matteo/Desktop/priv_esc_scripts/linpeas,0,2,17896,17898,cut,0.003000020980834961,0,0
/home/matteo/Desktop/priv_esc_scripts/linpeas,0,2,3513,17895,grep,0.003000020980834961,0,0
/home/matteo/Desktop/priv_esc_scripts/linpeas,0,2,17901,17903,cut,0.003999948501586914,0,0
/home/matteo/Desktop/priv_esc_scripts/linpeas,0,2,3513,17900,grep,0.004000186920166016,0,0
/home/matteo/Desktop/priv_esc_scripts/linpeas,0,2,17906,17908,cut,0.004999876022338867,0,0
/home/matteo/Desktop/priv_esc_scripts/linpeas,0,2,3513,17905,grep,0.003000020980834961,0,0
/home/matteo/Desktop/priv_esc_scripts/linpeas,0,2,17911,17913,cut,0.006000041961669922,0,0
/home/matteo/Desktop/priv_esc_scripts/linpeas,0,2,3513,17910,grep,0.003000020980834961,0,0
/home/matteo/Desktop/priv_esc_scripts/linpeas,0,2,17916,17918,cut,0.003000020980834961,0,0
/home/matteo/Desktop/priv_esc_scripts/linpeas,0,2,3513,17915,grep,0.003999948501586914,0,0
/home/matteo/Desktop/priv_esc_scripts/linpeas,0,2,17921,17923,cut,0.003000020980834961,0,0
/home/matteo/Desktop/priv_esc_scripts/linpeas,0,2,3513,17920,grep,0.003999948501586914,0,0
/home/matteo/Desktop/priv_esc_scripts/linpeas,0,2,17926,17928,cut,0.004999876022338867,0,0
/home/matteo/Desktop/priv_esc_scripts/linpeas,0,2,3513,17925,grep,0.003000020980834961,0,0
/home/matteo/Desktop/priv_esc_scripts/linpeas,0,2,17931,17933,cut,0.004000186920166016,0,0
/home/matteo/Desktop/priv_esc_scripts/linpeas,0,2,3513,17930,grep,0.01399993896484375,0,0
/home/matteo/Desktop/priv_esc_scripts/linpeas,0,2,17936,17938,cut,0.009000062942504883,0,0
/home/matteo/Desktop/priv_esc_scripts/linpeas,0,2,3513,17935,grep,0.003999948501586914,0,0
/home/matteo/Desktop/priv_esc_scripts/linpeas,0,2,17941,17943,cut,0.003999948501586914,0,0
/home/matteo/Desktop/priv_esc_scripts/linpeas,0,2,3513,17940,grep,0.007999897003173828,0,0
/home/matteo/Desktop/priv_esc_scripts/linpeas,0,2,17946,17948,cut,0.004000186920166016,0,0
/home/matteo/Desktop/priv_esc_scripts/linpeas,0,2,3513,17945,grep,0.013000011444091797,0,0
/home/matteo/Desktop/priv_esc_scripts/linpeas,0,2,17951,17953,cut,0.004999876022338867,0,0
/home/matteo/Desktop/priv_esc_scripts/linpeas,0,2,3513,17950,grep,0.002000093460083008,0,0
/home/matteo/Desktop/priv_esc_scripts/linpeas,0,2,17956,17958,cut,0.003999948501586914,0,0
/home/matteo/Desktop/priv_esc_scripts/linpeas,0,2,3513,17955,grep,0.006999969482421875,0,0
/home/matteo/Desktop/priv_esc_scripts/linpeas,0,2,17961,17963,cut,0.006000041961669922,0,0
/home/matteo/Desktop/priv_esc_scripts/linpeas,0,2,3513,17960,grep,0.003000020980834961,0,0
/home/matteo/Desktop/priv_esc_scripts/linpeas,0,2,17966,17968,cut,0.006000041961669922,0,0
/home/matteo/Desktop/priv_esc_scripts/linpeas,0,2,3513,17965,grep,0.003000020980834961,0,0
/home/matteo/Desktop/priv_esc_scripts/linpeas,0,2,17971,17973,cut,0.004999876022338867,0,0
/home/matteo/Desktop/priv_esc_scripts/linpeas,0,2,3513,17970,grep,0.003000020980834961,0,0
/home/matteo/Desktop/priv_esc_scripts/linpeas,0,2,17976,17978,cut,0.005000114440917969,0,0
/home/matteo/Desktop/priv_esc_scripts/linpeas,0,2,3513,17975,grep,0.0019998550415039062,0,0
/home/matteo/Desktop/priv_esc_scripts/linpeas,0,2,17981,17983,cut,0.006000041961669922,0,0
/home/matteo/Desktop/priv_esc_scripts/linpeas,0,2,3513,17980,grep,0.003000020980834961,0,0
/home/matteo/Desktop/priv_esc_scripts/linpeas,0,2,17986,17988,cut,0.003999948501586914,0,0
/home/matteo/Desktop/priv_esc_scripts/linpeas,0,2,3513,17985,grep,0.005000114440917969,0,0
/home/matteo/Desktop/priv_esc_scripts/linpeas,0,2,17991,17993,cut,0.003000020980834961,0,0
/home/matteo/Desktop/priv_esc_scripts/linpeas,0,2,3513,17990,grep,0.0029997825622558594,0,0
/home/matteo/Desktop/priv_esc_scripts/linpeas,0,2,17996,17998,cut,0.006000041961669922,0,0
/home/matteo/Desktop/priv_esc_scripts/linpeas,0,2,3513,17995,grep,0.002000093460083008,0,0
/home/matteo/Desktop/priv_esc_scripts/linpeas,0,2,18001,18003,cut,0.006000041961669922,0,0
/home/matteo/Desktop/priv_esc_scripts/linpeas,0,2,18004,18006,cut,0.003000020980834961,0,0
/home/matteo/Desktop/priv_esc_scripts/linpeas,0,2,3513,18000,sed,0.003999948501586914,0,0
/home/matteo/Desktop/priv_esc_scripts/linpeas,0,2,3513,18007,ls,0.003000020980834961,0,0
/home/matteo/Desktop/priv_esc_scripts/linpeas,0,2,3513,18009,grep,0.003999948501586914,0,0
/home/matteo/Desktop/priv_esc_scripts/linpeas,0,2,18010,18012,awk,0.003999948501586914,0,0
/home/matteo/Desktop/priv_esc_scripts/linpeas,0,2,18015,18017,cut,0.006000041961669922,0,0
/home/matteo/Desktop/priv_esc_scripts/linpeas,0,2,3513,18014,grep,0.003999948501586914,0,0
/home/matteo/Desktop/priv_esc_scripts/linpeas,0,2,18020,18022,cut,0.02200007438659668,0,0
/home/matteo/Desktop/priv_esc_scripts/linpeas,0,2,3513,18019,grep,0.004999876022338867,0,0
/home/matteo/Desktop/priv_esc_scripts/linpeas,0,2,18025,18027,cut,0.006000041961669922,0,0
/home/matteo/Desktop/priv_esc_scripts/linpeas,0,2,3513,18024,grep,0.002000093460083008,0,0
/home/matteo/Desktop/priv_esc_scripts/linpeas,0,2,18030,18032,cut,0.007999897003173828,0,0
/home/matteo/Desktop/priv_esc_scripts/linpeas,0,2,3513,18029,grep,0.016000032424926758,0,0
/home/matteo/Desktop/priv_esc_scripts/linpeas,0,2,18035,18037,cut,0.005000114440917969,0,0
/home/matteo/Desktop/priv_esc_scripts/linpeas,0,2,3513,18034,grep,0.003000020980834961,0,0
/home/matteo/Desktop/priv_esc_scripts/linpeas,0,2,18040,18042,cut,0.00599980354309082,0,0
/home/matteo/Desktop/priv_esc_scripts/linpeas,0,2,18043,18045,cut,0.005000114440917969,0,0
/home/matteo/Desktop/priv_esc_scripts/linpeas,0,2,3513,18039,sed,0.003999948501586914,0,0
/home/matteo/Desktop/priv_esc_scripts/linpeas,0,2,3513,18046,ls,0.003999948501586914,0,0
/home/matteo/Desktop/priv_esc_scripts/linpeas,0,2,3513,18048,grep,0.003000020980834961,0,0
/home/matteo/Desktop/priv_esc_scripts/linpeas,0,2,18049,18051,awk,0.006000041961669922,0,0
/home/matteo/Desktop/priv_esc_scripts/linpeas,0,2,18054,18056,cut,0.013000011444091797,0,0
/home/matteo/Desktop/priv_esc_scripts/linpeas,0,2,3513,18053,grep,0.003000020980834961,0,0
/home/matteo/Desktop/priv_esc_scripts/linpeas,0,2,18059,18061,cut,0.004999876022338867,0,0
/home/matteo/Desktop/priv_esc_scripts/linpeas,0,2,3513,18058,grep,0.00800013542175293,0,0
/home/matteo/Desktop/priv_esc_scripts/linpeas,0,2,18064,18066,cut,0.003000020980834961,0,0
/home/matteo/Desktop/priv_esc_scripts/linpeas,0,2,3513,18063,grep,0.003999948501586914,0,0
/home/matteo/Desktop/priv_esc_scripts/linpeas,0,2,18069,18071,cut,0.01399993896484375,0,0
/home/matteo/Desktop/priv_esc_scripts/linpeas,0,2,3513,18068,grep,0.004000186920166016,0,0
/home/matteo/Desktop/priv_esc_scripts/linpeas,0,2,18074,18076,cut,0.015999794006347656,0,0
/home/matteo/Desktop/priv_esc_scripts/linpeas,0,2,3513,18073,grep,0.005000114440917969,0,0
/home/matteo/Desktop/priv_esc_scripts/linpeas,0,2,18079,18081,cut,0.01399993896484375,0,0
/home/matteo/Desktop/priv_esc_scripts/linpeas,0,2,3513,18078,grep,0.009000062942504883,0,0
/home/matteo/Desktop/priv_esc_scripts/linpeas,0,2,18084,18086,cut,0.006000041961669922,0,0
/home/matteo/Desktop/priv_esc_scripts/linpeas,0,2,3513,18083,grep,0.003999948501586914,0,0
/home/matteo/Desktop/priv_esc_scripts/linpeas,0,2,18089,18091,cut,0.003000020980834961,0,0
/home/matteo/Desktop/priv_esc_scripts/linpeas,0,2,3513,18088,grep,0.0019998550415039062,0,0
/home/matteo/Desktop/priv_esc_scripts/linpeas,0,2,18094,18096,cut,0.02500009536743164,0,0
/home/matteo/Desktop/priv_esc_scripts/linpeas,0,2,3513,18093,grep,0.003999948501586914,0,0
/home/matteo/Desktop/priv_esc_scripts/linpeas,0,2,18099,18101,cut,0.006000041961669922,0,0
/home/matteo/Desktop/priv_esc_scripts/linpeas,0,2,3513,18098,grep,0.002000093460083008,0,0
/home/matteo/Desktop/priv_esc_scripts/linpeas,0,2,18104,18106,cut,0.006000041961669922,0,0
/home/matteo/Desktop/priv_esc_scripts/linpeas,0,2,3513,18103,grep,0.0029997825622558594,0,0
/home/matteo/Desktop/priv_esc_scripts/linpeas,0,2,18109,18111,cut,0.002000093460083008,0,0
/home/matteo/Desktop/priv_esc_scripts/linpeas,0,2,3513,18108,grep,0.003999948501586914,0,0
/home/matteo/Desktop/priv_esc_scripts/linpeas,0,2,18114,18116,cut,0.005000114440917969,0,0
/home/matteo/Desktop/priv_esc_scripts/linpeas,0,2,3513,18113,grep,0.003000020980834961,0,0
/home/matteo/Desktop/priv_esc_scripts/linpeas,0,2,18119,18121,cut,0.003999948501586914,0,0
/home/matteo/Desktop/priv_esc_scripts/linpeas,0,2,3513,18118,grep,0.003999948501586914,0,0
/home/matteo/Desktop/priv_esc_scripts/linpeas,0,2,18124,18126,cut,0.00800013542175293,0,0
/home/matteo/Desktop/priv_esc_scripts/linpeas,0,2,3513,18123,grep,0.004999876022338867,0,0
/home/matteo/Desktop/priv_esc_scripts/linpeas,0,2,18129,18131,cut,0.006000041961669922,0,0
/home/matteo/Desktop/priv_esc_scripts/linpeas,0,2,3513,18128,grep,0.003000020980834961,0,0
/home/matteo/Desktop/priv_esc_scripts/linpeas,0,2,18134,18136,cut,0.006000041961669922,0,0
/home/matteo/Desktop/priv_esc_scripts/linpeas,0,2,3513,18133,grep,0.003999948501586914,0,0
/home/matteo/Desktop/priv_esc_scripts/linpeas,0,2,18139,18141,cut,0.003999948501586914,0,0
/home/matteo/Desktop/priv_esc_scripts/linpeas,0,2,3513,18138,grep,0.005000114440917969,0,0
/home/matteo/Desktop/priv_esc_scripts/linpeas,0,2,18144,18146,cut,0.003999948501586914,0,0
/home/matteo/Desktop/priv_esc_scripts/linpeas,0,2,3513,18143,grep,0.004999876022338867,0,0
/home/matteo/Desktop/priv_esc_scripts/linpeas,0,2,18149,18151,cut,0.006999969482421875,0,0
/home/matteo/Desktop/priv_esc_scripts/linpeas,0,2,3513,18148,grep,0.006000041961669922,0,0
/home/matteo/Desktop/priv_esc_scripts/linpeas,0,2,18154,18156,cut,0.006000041961669922,0,0
/home/matteo/Desktop/priv_esc_scripts/linpeas,0,2,3513,18153,grep,0.003999948501586914,0,0
/home/matteo/Desktop/priv_esc_scripts/linpeas,0,2,18159,18161,cut,0.006000041961669922,0,0
/home/matteo/Desktop/priv_esc_scripts/linpeas,0,2,3513,18158,grep,0.003000020980834961,0,0
/home/matteo/Desktop/priv_esc_scripts/linpeas,0,2,18164,18166,cut,0.003999948501586914,0,0
/home/matteo/Desktop/priv_esc_scripts/linpeas,0,2,3513,18163,grep,0.006000041961669922,0,0
/home/matteo/Desktop/priv_esc_scripts/linpeas,0,2,18169,18171,cut,0.005000114440917969,0,0
/home/matteo/Desktop/priv_esc_scripts/linpeas,0,2,3513,18168,grep,0.003000020980834961,0,0
/home/matteo/Desktop/priv_esc_scripts/linpeas,0,2,18174,18176,cut,0.00599980354309082,0,0
/home/matteo/Desktop/priv_esc_scripts/linpeas,0,2,3513,18173,grep,0.002000093460083008,0,0
/home/matteo/Desktop/priv_esc_scripts/linpeas,0,2,18179,18181,cut,0.006000041961669922,0,0
/home/matteo/Desktop/priv_esc_scripts/linpeas,0,2,3513,18178,grep,0.003999948501586914,0,0
/home/matteo/Desktop/priv_esc_scripts/linpeas,0,2,18184,18186,cut,0.006000041961669922,0,0
/home/matteo/Desktop/priv_esc_scripts/linpeas,0,2,3513,18183,grep,0.003000020980834961,0,0
/home/matteo/Desktop/priv_esc_scripts/linpeas,0,2,18189,18191,cut,0.004999876022338867,0,0
/home/matteo/Desktop/priv_esc_scripts/linpeas,0,2,3513,18188,grep,0.0010001659393310547,0,0
/home/matteo/Desktop/priv_esc_scripts/linpeas,0,2,18194,18196,cut,0.004999876022338867,0,0
/home/matteo/Desktop/priv_esc_scripts/linpeas,0,2,3513,18193,grep,0.0009999275207519531,0,0
/home/matteo/Desktop/priv_esc_scripts/linpeas,0,2,18199,18201,cut,0.006000041961669922,0,0
/home/matteo/Desktop/priv_esc_scripts/linpeas,0,2,3513,18198,grep,0.003000020980834961,0,0
/home/matteo/Desktop/priv_esc_scripts/linpeas,0,2,18204,18206,cut,0.003000020980834961,0,0
/home/matteo/Desktop/priv_esc_scripts/linpeas,0,2,3513,18203,grep,0.003999948501586914,0,0
/home/matteo/Desktop/priv_esc_scripts/linpeas,0,2,18209,18211,cut,0.005000114440917969,0,0
/home/matteo/Desktop/priv_esc_scripts/linpeas,0,2,3513,18208,grep,0.006999969482421875,0,0
/home/matteo/Desktop/priv_esc_scripts/linpeas,0,2,18214,18216,cut,0.04699993133544922,0,0
/home/matteo/Desktop/priv_esc_scripts/linpeas,0,2,3513,18213,grep,0.006000041961669922,0,0
/home/matteo/Desktop/priv_esc_scripts/linpeas,0,2,18219,18221,cut,0.005000114440917969,0,0
/home/matteo/Desktop/priv_esc_scripts/linpeas,0,2,3513,18218,grep,0.0029997825622558594,0,0
/home/matteo/Desktop/priv_esc_scripts/linpeas,0,2,18224,18226,cut,0.005000114440917969,0,0
/home/matteo/Desktop/priv_esc_scripts/linpeas,0,2,3513,18223,grep,0.002000093460083008,0,0
/home/matteo/Desktop/priv_esc_scripts/linpeas,0,2,18229,18231,cut,0.00599980354309082,0,0
/home/matteo/Desktop/priv_esc_scripts/linpeas,0,2,3513,18228,grep,0.003000020980834961,0,0
/home/matteo/Desktop/priv_esc_scripts/linpeas,0,2,18234,18236,cut,0.004000186920166016,0,0
/home/matteo/Desktop/priv_esc_scripts/linpeas,0,2,3513,18233,grep,0.0019998550415039062,0,0
/home/matteo/Desktop/priv_esc_scripts/linpeas,0,2,18239,18241,cut,0.006000041961669922,0,0
/home/matteo/Desktop/priv_esc_scripts/linpeas,0,2,3513,18238,grep,0.003000020980834961,0,0
/home/matteo/Desktop/priv_esc_scripts/linpeas,0,2,18244,18246,cut,0.003000020980834961,0,0
/home/matteo/Desktop/priv_esc_scripts/linpeas,0,2,3513,18243,grep,0.0019998550415039062,0,0
/home/matteo/Desktop/priv_esc_scripts/linpeas,0,2,18249,18251,cut,0.005000114440917969,0,0
/home/matteo/Desktop/priv_esc_scripts/linpeas,0,2,3513,18248,grep,0.003000020980834961,0,0
/home/matteo/Desktop/priv_esc_scripts/linpeas,0,2,18254,18256,cut,0.003999948501586914,0,0
/home/matteo/Desktop/priv_esc_scripts/linpeas,0,2,3513,18253,grep,0.002000093460083008,0,0
/home/matteo/Desktop/priv_esc_scripts/linpeas,0,2,18259,18261,cut,0.004999876022338867,0,0
/home/matteo/Desktop/priv_esc_scripts/linpeas,0,2,3513,18258,grep,0.002000093460083008,0,0
/home/matteo/Desktop/priv_esc_scripts/linpeas,0,2,18264,18266,cut,0.003000020980834961,0,0
/home/matteo/Desktop/priv_esc_scripts/linpeas,0,2,3513,18263,grep,0.003999948501586914,0,0
/home/matteo/Desktop/priv_esc_scripts/linpeas,0,2,18269,18271,cut,0.004999876022338867,0,0
/home/matteo/Desktop/priv_esc_scripts/linpeas,0,2,3513,18268,grep,0.004000186920166016,0,0
/home/matteo/Desktop/priv_esc_scripts/linpeas,0,2,18274,18276,cut,0.004999876022338867,0,0
/home/matteo/Desktop/priv_esc_scripts/linpeas,0,2,3513,18273,grep,0.002000093460083008,0,0
/home/matteo/Desktop/priv_esc_scripts/linpeas,0,2,18279,18281,cut,0.004999876022338867,0,0
/home/matteo/Desktop/priv_esc_scripts/linpeas,0,2,3513,18278,grep,0.003000020980834961,0,0
/home/matteo/Desktop/priv_esc_scripts/linpeas,0,2,18284,18286,cut,0.003000020980834961,0,0
/home/matteo/Desktop/priv_esc_scripts/linpeas,0,2,3513,18283,grep,0.003000020980834961,0,0
/home/matteo/Desktop/priv_esc_scripts/linpeas,0,2,18289,18291,cut,0.005000114440917969,0,0
/home/matteo/Desktop/priv_esc_scripts/linpeas,0,2,3513,18288,grep,0.003999948501586914,0,0
/home/matteo/Desktop/priv_esc_scripts/linpeas,0,2,18294,18296,cut,0.004999876022338867,0,0
/home/matteo/Desktop/priv_esc_scripts/linpeas,0,2,3513,18293,grep,0.002000093460083008,0,0
/home/matteo/Desktop/priv_esc_scripts/linpeas,0,2,18299,18301,cut,0.004999876022338867,0,0
/home/matteo/Desktop/priv_esc_scripts/linpeas,0,2,3513,18298,grep,0.002000093460083008,0,0
/home/matteo/Desktop/priv_esc_scripts/linpeas,0,2,18304,18306,cut,0.005000114440917969,0,0
/home/matteo/Desktop/priv_esc_scripts/linpeas,0,2,3513,18303,grep,0.0029997825622558594,0,0
/home/matteo/Desktop/priv_esc_scripts/linpeas,0,2,18309,18311,cut,0.003000020980834961,0,0
/home/matteo/Desktop/priv_esc_scripts/linpeas,0,2,3513,18308,grep,0.004000186920166016,0,0
/home/matteo/Desktop/priv_esc_scripts/linpeas,0,2,18314,18316,cut,0.004999876022338867,0,0
/home/matteo/Desktop/priv_esc_scripts/linpeas,0,2,3513,18313,grep,0.003999948501586914,0,0
/home/matteo/Desktop/priv_esc_scripts/linpeas,0,2,18319,18321,cut,0.005000114440917969,0,0
/home/matteo/Desktop/priv_esc_scripts/linpeas,0,2,3513,18318,grep,0.003000020980834961,0,0
/home/matteo/Desktop/priv_esc_scripts/linpeas,0,2,18324,18326,cut,0.003999948501586914,0,0
/home/matteo/Desktop/priv_esc_scripts/linpeas,0,2,3513,18323,grep,0.003000020980834961,0,0
/home/matteo/Desktop/priv_esc_scripts/linpeas,0,2,3513,18328,grep,0.003000020980834961,0,0
/home/matteo/Desktop/priv_esc_scripts/linpeas,0,2,3513,18331,sed,0.003000020980834961,0,0
/home/matteo/Desktop/priv_esc_scripts/linpeas,0,2,3513,18333,sed,0.003000020980834961,0,0
/home/matteo/Desktop/priv_esc_scripts/linpeas,0,2,3513,18332,sed,0.0,0,0
/home/matteo/Desktop/priv_esc_scripts/linpeas,0,2,3513,18330,sed,0.003999948501586914,0,0
/home/matteo/Desktop/priv_esc_scripts/linpeas,0,2,3513,18335,sed,0.0,0,0
/home/matteo/Desktop/priv_esc_scripts/linpeas,0,2,3513,18334,sed,0.0009999275207519531,0,0
/home/matteo/Desktop/priv_esc_scripts/linpeas,0,2,3513,18336,ls,0.009000062942504883,0,0
/home/matteo/Desktop/priv_esc_scripts/linpeas,0,2,3513,18338,grep,0.004999876022338867,0,0
/home/matteo/Desktop/priv_esc_scripts/linpeas,0,2,18339,18341,awk,0.017000198364257812,0,0
/home/matteo/Desktop/priv_esc_scripts/linpeas,0,2,18344,18346,cut,0.011999845504760742,0,0
/home/matteo/Desktop/priv_esc_scripts/linpeas,0,2,3513,18343,grep,0.003999948501586914,0,0
/home/matteo/Desktop/priv_esc_scripts/linpeas,0,2,18349,18351,cut,0.006000041961669922,0,0
/home/matteo/Desktop/priv_esc_scripts/linpeas,0,2,3513,18348,grep,0.003000020980834961,0,0
/home/matteo/Desktop/priv_esc_scripts/linpeas,0,2,18354,18356,cut,0.00800013542175293,0,0
/home/matteo/Desktop/priv_esc_scripts/linpeas,0,2,3513,18353,grep,0.0029997825622558594,0,0
/home/matteo/Desktop/priv_esc_scripts/linpeas,0,2,18359,18361,cut,0.0070002079010009766,0,0
/home/matteo/Desktop/priv_esc_scripts/linpeas,0,2,3513,18358,grep,0.003000020980834961,0,0
/home/matteo/Desktop/priv_esc_scripts/linpeas,0,2,18364,18366,cut,0.004999876022338867,0,0
/home/matteo/Desktop/priv_esc_scripts/linpeas,0,2,3513,18363,grep,0.002000093460083008,0,0
/home/matteo/Desktop/priv_esc_scripts/linpeas,0,2,18369,18371,cut,0.008999824523925781,0,0
/home/matteo/Desktop/priv_esc_scripts/linpeas,0,2,3513,18368,grep,0.006000041961669922,0,0
/home/matteo/Desktop/priv_esc_scripts/linpeas,0,2,18374,18376,cut,0.046000003814697266,0,0
/home/matteo/Desktop/priv_esc_scripts/linpeas,0,2,3513,18373,grep,0.009000062942504883,0,0
/home/matteo/Desktop/priv_esc_scripts/linpeas,0,2,18379,18381,cut,0.003000020980834961,0,0
/home/matteo/Desktop/priv_esc_scripts/linpeas,0,2,3513,18378,grep,0.003999948501586914,0,0
/home/matteo/Desktop/priv_esc_scripts/linpeas,0,2,18384,18386,cut,0.003999948501586914,0,0
/home/matteo/Desktop/priv_esc_scripts/linpeas,0,2,3513,18383,grep,0.003999948501586914,0,0
/home/matteo/Desktop/priv_esc_scripts/linpeas,0,2,18389,18391,cut,0.006000041961669922,0,0
/home/matteo/Desktop/priv_esc_scripts/linpeas,0,2,3513,18388,grep,0.003000020980834961,0,0
/home/matteo/Desktop/priv_esc_scripts/linpeas,0,2,18394,18396,cut,0.005000114440917969,0,0
/home/matteo/Desktop/priv_esc_scripts/linpeas,0,2,3513,18393,grep,0.003000020980834961,0,0
/home/matteo/Desktop/priv_esc_scripts/linpeas,0,2,18399,18401,cut,0.004999876022338867,0,0
/home/matteo/Desktop/priv_esc_scripts/linpeas,0,2,3513,18398,grep,0.003000020980834961,0,0
/home/matteo/Desktop/priv_esc_scripts/linpeas,0,2,18404,18406,cut,0.003999948501586914,0,0
/home/matteo/Desktop/priv_esc_scripts/linpeas,0,2,3513,18403,grep,0.004000186920166016,0,0
/home/matteo/Desktop/priv_esc_scripts/linpeas,0,2,18409,18411,cut,0.004999876022338867,0,0
/home/matteo/Desktop/priv_esc_scripts/linpeas,0,2,3513,18408,grep,0.003000020980834961,0,0
/home/matteo/Desktop/priv_esc_scripts/linpeas,0,2,18414,18416,cut,0.004999876022338867,0,0
/home/matteo/Desktop/priv_esc_scripts/linpeas,0,2,3513,18413,grep,0.003000020980834961,0,0
/home/matteo/Desktop/priv_esc_scripts/linpeas,0,2,18419,18421,cut,0.006000041961669922,0,0
/home/matteo/Desktop/priv_esc_scripts/linpeas,0,2,3513,18418,grep,0.002000093460083008,0,0
/home/matteo/Desktop/priv_esc_scripts/linpeas,0,2,18424,18426,cut,0.004999876022338867,0,0
/home/matteo/Desktop/priv_esc_scripts/linpeas,0,2,3513,18423,grep,0.003000020980834961,0,0
/home/matteo/Desktop/priv_esc_scripts/linpeas,0,2,18429,18431,cut,0.005000114440917969,0,0
/home/matteo/Desktop/priv_esc_scripts/linpeas,0,2,3513,18428,grep,0.0019998550415039062,0,0
/home/matteo/Desktop/priv_esc_scripts/linpeas,0,2,18434,18436,cut,0.005000114440917969,0,0
/home/matteo/Desktop/priv_esc_scripts/linpeas,0,2,3513,18433,grep,0.003000020980834961,0,0
/home/matteo/Desktop/priv_esc_scripts/linpeas,0,2,18439,18441,cut,0.003999948501586914,0,0
/home/matteo/Desktop/priv_esc_scripts/linpeas,0,2,3513,18438,grep,0.003000020980834961,0,0
/home/matteo/Desktop/priv_esc_scripts/linpeas,0,2,18444,18446,cut,0.003999948501586914,0,0
/home/matteo/Desktop/priv_esc_scripts/linpeas,0,2,3513,18443,grep,0.002000093460083008,0,0
/home/matteo/Desktop/priv_esc_scripts/linpeas,0,2,18449,18451,cut,0.006000041961669922,0,0
/home/matteo/Desktop/priv_esc_scripts/linpeas,0,2,3513,18448,grep,0.0019998550415039062,0,0
/home/matteo/Desktop/priv_esc_scripts/linpeas,0,2,18454,18456,cut,0.006000041961669922,0,0
/home/matteo/Desktop/priv_esc_scripts/linpeas,0,2,3513,18453,grep,0.003000020980834961,0,0
/home/matteo/Desktop/priv_esc_scripts/linpeas,0,2,18459,18461,cut,0.003999948501586914,0,0
/home/matteo/Desktop/priv_esc_scripts/linpeas,0,2,3513,18458,grep,0.003999948501586914,0,0
/home/matteo/Desktop/priv_esc_scripts/linpeas,0,2,18464,18466,cut,0.003000020980834961,0,0
/home/matteo/Desktop/priv_esc_scripts/linpeas,0,2,3513,18463,grep,0.003000020980834961,0,0
/home/matteo/Desktop/priv_esc_scripts/linpeas,0,2,18469,18471,cut,0.003999948501586914,0,0
/home/matteo/Desktop/priv_esc_scripts/linpeas,0,2,3513,18468,grep,0.003000020980834961,0,0
/home/matteo/Desktop/priv_esc_scripts/linpeas,0,2,18474,18476,cut,0.004000186920166016,0,0
/home/matteo/Desktop/priv_esc_scripts/linpeas,0,2,3513,18473,grep,0.0029997825622558594,0,0
/home/matteo/Desktop/priv_esc_scripts/linpeas,0,2,18479,18481,cut,0.002000093460083008,0,0
/home/matteo/Desktop/priv_esc_scripts/linpeas,0,2,3513,18478,grep,0.003999948501586914,0,0
/home/matteo/Desktop/priv_esc_scripts/linpeas,0,2,18484,18486,cut,0.003000020980834961,0,0
/home/matteo/Desktop/priv_esc_scripts/linpeas,0,2,3513,18483,grep,0.0009999275207519531,0,0
/home/matteo/Desktop/priv_esc_scripts/linpeas,0,2,18489,18491,cut,0.005000114440917969,0,0
/home/matteo/Desktop/priv_esc_scripts/linpeas,0,2,3513,18488,grep,0.003999948501586914,0,0
/home/matteo/Desktop/priv_esc_scripts/linpeas,0,2,18494,18496,cut,0.003000020980834961,0,0
/home/matteo/Desktop/priv_esc_scripts/linpeas,0,2,3513,18493,grep,0.003999948501586914,0,0
/home/matteo/Desktop/priv_esc_scripts/linpeas,0,2,18499,18501,cut,0.004000186920166016,0,0
/home/matteo/Desktop/priv_esc_scripts/linpeas,0,2,3513,18498,grep,0.003999948501586914,0,0
/home/matteo/Desktop/priv_esc_scripts/linpeas,0,2,18504,18506,cut,0.003999948501586914,0,0
/home/matteo/Desktop/priv_esc_scripts/linpeas,0,2,3513,18503,grep,0.003000020980834961,0,0
/home/matteo/Desktop/priv_esc_scripts/linpeas,0,2,18509,18511,cut,0.003000020980834961,0,0
/home/matteo/Desktop/priv_esc_scripts/linpeas,0,2,3513,18508,grep,0.003999948501586914,0,0
/home/matteo/Desktop/priv_esc_scripts/linpeas,0,2,18514,18516,cut,0.04999995231628418,0,0
/home/matteo/Desktop/priv_esc_scripts/linpeas,0,2,3513,18513,grep,0.003000020980834961,0,0
/home/matteo/Desktop/priv_esc_scripts/linpeas,0,2,18519,18521,cut,0.006000041961669922,0,0
/home/matteo/Desktop/priv_esc_scripts/linpeas,0,2,3513,18518,grep,0.003000020980834961,0,0
/home/matteo/Desktop/priv_esc_scripts/linpeas,0,2,18524,18526,cut,0.003000020980834961,0,0
/home/matteo/Desktop/priv_esc_scripts/linpeas,0,2,3513,18523,grep,0.003999948501586914,0,0
/home/matteo/Desktop/priv_esc_scripts/linpeas,0,2,18529,18531,cut,0.003000020980834961,0,0
/home/matteo/Desktop/priv_esc_scripts/linpeas,0,2,3513,18528,grep,0.003999948501586914,0,0
/home/matteo/Desktop/priv_esc_scripts/linpeas,0,2,18534,18536,cut,0.005000114440917969,0,0
/home/matteo/Desktop/priv_esc_scripts/linpeas,0,2,3513,18533,grep,0.003999948501586914,0,0
/home/matteo/Desktop/priv_esc_scripts/linpeas,0,2,18539,18541,cut,0.004999876022338867,0,0
/home/matteo/Desktop/priv_esc_scripts/linpeas,0,2,3513,18538,grep,0.003000020980834961,0,0
/home/matteo/Desktop/priv_esc_scripts/linpeas,0,2,18544,18546,cut,0.004000186920166016,0,0
/home/matteo/Desktop/priv_esc_scripts/linpeas,0,2,3513,18543,grep,0.0029997825622558594,0,0
/home/matteo/Desktop/priv_esc_scripts/linpeas,0,2,18549,18551,cut,0.003000020980834961,0,0
/home/matteo/Desktop/priv_esc_scripts/linpeas,0,2,3513,18548,grep,0.005000114440917969,0,0
/home/matteo/Desktop/priv_esc_scripts/linpeas,0,2,18554,18556,cut,0.004999876022338867,0,0
/home/matteo/Desktop/priv_esc_scripts/linpeas,0,2,3513,18553,grep,0.002000093460083008,0,0
/home/matteo/Desktop/priv_esc_scripts/linpeas,0,2,18559,18561,cut,0.005000114440917969,0,0
/home/matteo/Desktop/priv_esc_scripts/linpeas,0,2,3513,18558,grep,0.0019998550415039062,0,0
/home/matteo/Desktop/priv_esc_scripts/linpeas,0,2,18564,18566,cut,0.003000020980834961,0,0
/home/matteo/Desktop/priv_esc_scripts/linpeas,0,2,3513,18563,grep,0.005000114440917969,0,0
/home/matteo/Desktop/priv_esc_scripts/linpeas,0,2,18569,18571,cut,0.0029997825622558594,0,0
/home/matteo/Desktop/priv_esc_scripts/linpeas,0,2,3513,18568,grep,0.003000020980834961,0,0
/home/matteo/Desktop/priv_esc_scripts/linpeas,0,2,18574,18576,cut,0.005000114440917969,0,0
/home/matteo/Desktop/priv_esc_scripts/linpeas,0,2,3513,18573,grep,0.002000093460083008,0,0
/home/matteo/Desktop/priv_esc_scripts/linpeas,0,2,18579,18581,cut,0.004999876022338867,0,0
/home/matteo/Desktop/priv_esc_scripts/linpeas,0,2,3513,18578,grep,0.003000020980834961,0,0
/home/matteo/Desktop/priv_esc_scripts/linpeas,0,2,18584,18586,cut,0.003999948501586914,0,0
/home/matteo/Desktop/priv_esc_scripts/linpeas,0,2,3513,18583,grep,0.003000020980834961,0,0
/home/matteo/Desktop/priv_esc_scripts/linpeas,0,2,18589,18591,cut,0.003999948501586914,0,0
/home/matteo/Desktop/priv_esc_scripts/linpeas,0,2,3513,18588,grep,0.003000020980834961,0,0
/home/matteo/Desktop/priv_esc_scripts/linpeas,0,2,18594,18596,cut,0.006000041961669922,0,0
/home/matteo/Desktop/priv_esc_scripts/linpeas,0,2,3513,18593,grep,0.003000020980834961,0,0
/home/matteo/Desktop/priv_esc_scripts/linpeas,0,2,18599,18601,cut,0.003999948501586914,0,0
/home/matteo/Desktop/priv_esc_scripts/linpeas,0,2,3513,18598,grep,0.003000020980834961,0,0
/home/matteo/Desktop/priv_esc_scripts/linpeas,0,2,18604,18606,cut,0.003999948501586914,0,0
/home/matteo/Desktop/priv_esc_scripts/linpeas,0,2,3513,18603,grep,0.003000020980834961,0,0
/home/matteo/Desktop/priv_esc_scripts/linpeas,0,2,18609,18611,cut,0.005000114440917969,0,0
/home/matteo/Desktop/priv_esc_scripts/linpeas,0,2,3513,18608,grep,0.0019998550415039062,0,0
/home/matteo/Desktop/priv_esc_scripts/linpeas,0,2,18614,18616,cut,0.006999969482421875,0,0
/home/matteo/Desktop/priv_esc_scripts/linpeas,0,2,3513,18613,grep,0.002000093460083008,0,0
/home/matteo/Desktop/priv_esc_scripts/linpeas,0,2,3513,18618,grep,0.005000114440917969,0,0
/home/matteo/Desktop/priv_esc_scripts/linpeas,0,2,3513,18620,grep,0.003999948501586914,0,0
/home/matteo/Desktop/priv_esc_scripts/linpeas,0,2,3513,18622,grep,0.003999948501586914,0,0
/home/matteo/Desktop/priv_esc_scripts/linpeas,0,2,3513,18624,grep,0.003999948501586914,0,0
/home/matteo/Desktop/priv_esc_scripts/linpeas,0,2,3513,18631,sed,0.003000020980834961,0,0
/home/matteo/Desktop/priv_esc_scripts/linpeas,0,2,3513,18629,sed,0.002000093460083008,0,0
/home/matteo/Desktop/priv_esc_scripts/linpeas,0,2,3513,18628,sed,0.003000020980834961,0,0
/home/matteo/Desktop/priv_esc_scripts/linpeas,0,2,3513,18626,sed,-0.005000114440917969,0,0
/home/matteo/Desktop/priv_esc_scripts/linpeas,0,2,3513,18630,sed,0.00800013542175293,0,0
/home/matteo/Desktop/priv_esc_scripts/linpeas,0,2,3513,18627,sed,-0.005000114440917969,0,0
/home/matteo/Desktop/priv_esc_scripts/linpeas,0,2,3513,18632,ls,0.01399993896484375,0,0
/home/matteo/Desktop/priv_esc_scripts/linpeas,0,2,3513,18634,grep,0.006000041961669922,0,0
/home/matteo/Desktop/priv_esc_scripts/linpeas,0,2,18635,18637,awk,0.003999948501586914,0,0
/home/matteo/Desktop/priv_esc_scripts/linpeas,0,2,18640,18642,cut,0.051000118255615234,0,0
/home/matteo/Desktop/priv_esc_scripts/linpeas,0,2,3513,18639,grep,0.006999969482421875,0,0
/home/matteo/Desktop/priv_esc_scripts/linpeas,0,2,18645,18647,cut,0.013000011444091797,0,0
/home/matteo/Desktop/priv_esc_scripts/linpeas,0,2,3513,18644,grep,0.010999917984008789,0,0
/home/matteo/Desktop/priv_esc_scripts/linpeas,0,2,18650,18652,cut,0.039999961853027344,0,0
/home/matteo/Desktop/priv_esc_scripts/linpeas,0,2,18653,18655,cut,0.0070002079010009766,0,0
/home/matteo/Desktop/priv_esc_scripts/linpeas,0,2,3513,18649,sed,0.003999948501586914,0,0
/home/matteo/Desktop/priv_esc_scripts/linpeas,0,2,3513,18656,ls,0.003999948501586914,0,0
/home/matteo/Desktop/priv_esc_scripts/linpeas,0,2,3513,18658,grep,0.005000114440917969,0,0
/home/matteo/Desktop/priv_esc_scripts/linpeas,0,2,18659,18661,awk,0.006999969482421875,0,0
/home/matteo/Desktop/priv_esc_scripts/linpeas,0,2,18664,18666,cut,0.00599980354309082,0,0
/home/matteo/Desktop/priv_esc_scripts/linpeas,0,2,3513,18663,grep,0.009000062942504883,0,0
/home/matteo/Desktop/priv_esc_scripts/linpeas,0,2,18669,18671,cut,0.002000093460083008,0,0
/home/matteo/Desktop/priv_esc_scripts/linpeas,0,2,3513,18668,grep,0.004999876022338867,0,0
/home/matteo/Desktop/priv_esc_scripts/linpeas,0,2,18674,18676,cut,0.006000041961669922,0,0
/home/matteo/Desktop/priv_esc_scripts/linpeas,0,2,3513,18673,grep,0.002000093460083008,0,0
/home/matteo/Desktop/priv_esc_scripts/linpeas,0,2,18679,18681,cut,0.003999948501586914,0,0
/home/matteo/Desktop/priv_esc_scripts/linpeas,0,2,3513,18678,grep,0.004999876022338867,0,0
/home/matteo/Desktop/priv_esc_scripts/linpeas,0,2,18684,18686,cut,0.0010001659393310547,0,0
/home/matteo/Desktop/priv_esc_scripts/linpeas,0,2,3513,18683,grep,0.006000041961669922,0,0
/home/matteo/Desktop/priv_esc_scripts/linpeas,0,2,18689,18691,cut,0.00599980354309082,0,0
/home/matteo/Desktop/priv_esc_scripts/linpeas,0,2,3513,18688,grep,0.002000093460083008,0,0
/home/matteo/Desktop/priv_esc_scripts/linpeas,0,2,18694,18696,cut,0.002000093460083008,0,0
/home/matteo/Desktop/priv_esc_scripts/linpeas,0,2,3513,18693,grep,0.004999876022338867,0,0
/home/matteo/Desktop/priv_esc_scripts/linpeas,0,2,18699,18701,cut,0.003000020980834961,0,0
/home/matteo/Desktop/priv_esc_scripts/linpeas,0,2,3513,18698,grep,0.005000114440917969,0,0
/home/matteo/Desktop/priv_esc_scripts/linpeas,0,2,18704,18706,cut,0.003999948501586914,0,0
/home/matteo/Desktop/priv_esc_scripts/linpeas,0,2,3513,18703,grep,0.009000062942504883,0,0
/home/matteo/Desktop/priv_esc_scripts/linpeas,0,2,18709,18711,cut,0.0029997825622558594,0,0
/home/matteo/Desktop/priv_esc_scripts/linpeas,0,2,3513,18708,grep,0.004000186920166016,0,0
/home/matteo/Desktop/priv_esc_scripts/linpeas,0,2,18714,18716,cut,0.003000020980834961,0,0
/home/matteo/Desktop/priv_esc_scripts/linpeas,0,2,3513,18713,grep,0.003999948501586914,0,0
/home/matteo/Desktop/priv_esc_scripts/linpeas,0,2,18719,18721,cut,0.003999948501586914,0,0
/home/matteo/Desktop/priv_esc_scripts/linpeas,0,2,3513,18718,grep,0.003999948501586914,0,0
/home/matteo/Desktop/priv_esc_scripts/linpeas,0,2,18724,18726,cut,0.015000104904174805,0,0
/home/matteo/Desktop/priv_esc_scripts/linpeas,0,2,3513,18723,grep,0.006000041961669922,0,0
/home/matteo/Desktop/priv_esc_scripts/linpeas,0,2,18729,18731,cut,0.007999897003173828,0,0
/home/matteo/Desktop/priv_esc_scripts/linpeas,0,2,3513,18728,grep,0.010999917984008789,0,0
/home/matteo/Desktop/priv_esc_scripts/linpeas,0,2,18734,18736,cut,0.0070002079010009766,0,0
/home/matteo/Desktop/priv_esc_scripts/linpeas,0,2,3513,18733,grep,0.01399993896484375,0,0
/home/matteo/Desktop/priv_esc_scripts/linpeas,0,2,18739,18741,cut,0.006999969482421875,0,0
/home/matteo/Desktop/priv_esc_scripts/linpeas,0,2,3513,18738,grep,0.003000020980834961,0,0
/home/matteo/Desktop/priv_esc_scripts/linpeas,0,2,18744,18746,cut,0.01399993896484375,0,0
/home/matteo/Desktop/priv_esc_scripts/linpeas,0,2,3513,18743,grep,0.003999948501586914,0,0
/home/matteo/Desktop/priv_esc_scripts/linpeas,0,2,18749,18751,cut,0.005000114440917969,0,0
/home/matteo/Desktop/priv_esc_scripts/linpeas,0,2,3513,18748,grep,0.0019998550415039062,0,0
/home/matteo/Desktop/priv_esc_scripts/linpeas,0,2,18754,18756,cut,0.0070002079010009766,0,0
/home/matteo/Desktop/priv_esc_scripts/linpeas,0,2,3513,18753,grep,0.0029997825622558594,0,0
/home/matteo/Desktop/priv_esc_scripts/linpeas,0,2,18759,18761,cut,0.04700016975402832,0,0
/home/matteo/Desktop/priv_esc_scripts/linpeas,0,2,3513,18758,grep,0.003000020980834961,0,0
/home/matteo/Desktop/priv_esc_scripts/linpeas,0,2,18764,18766,cut,0.00599980354309082,0,0
/home/matteo/Desktop/priv_esc_scripts/linpeas,0,2,3513,18763,grep,0.003000020980834961,0,0
/home/matteo/Desktop/priv_esc_scripts/linpeas,0,2,18769,18771,cut,0.004000186920166016,0,0
/home/matteo/Desktop/priv_esc_scripts/linpeas,0,2,3513,18768,grep,0.003000020980834961,0,0
/home/matteo/Desktop/priv_esc_scripts/linpeas,0,2,18774,18776,cut,0.0029997825622558594,0,0
/home/matteo/Desktop/priv_esc_scripts/linpeas,0,2,3513,18773,grep,0.004000186920166016,0,0
/home/matteo/Desktop/priv_esc_scripts/linpeas,0,2,18779,18781,cut,0.004999876022338867,0,0
/home/matteo/Desktop/priv_esc_scripts/linpeas,0,2,3513,18778,grep,0.002000093460083008,0,0
/home/matteo/Desktop/priv_esc_scripts/linpeas,0,2,18784,18786,cut,0.003000020980834961,0,0
/home/matteo/Desktop/priv_esc_scripts/linpeas,0,2,3513,18783,grep,0.003000020980834961,0,0
/home/matteo/Desktop/priv_esc_scripts/linpeas,0,2,18789,18791,cut,0.003999948501586914,0,0
/home/matteo/Desktop/priv_esc_scripts/linpeas,0,2,3513,18788,grep,0.003000020980834961,0,0
/home/matteo/Desktop/priv_esc_scripts/linpeas,0,2,18794,18796,cut,0.006999969482421875,0,0
/home/matteo/Desktop/priv_esc_scripts/linpeas,0,2,3513,18793,grep,0.0009999275207519531,0,0
/home/matteo/Desktop/priv_esc_scripts/linpeas,0,2,18799,18801,cut,0.005000114440917969,0,0
/home/matteo/Desktop/priv_esc_scripts/linpeas,0,2,3513,18798,grep,0.0019998550415039062,0,0
/home/matteo/Desktop/priv_esc_scripts/linpeas,0,2,18804,18806,cut,0.003000020980834961,0,0
/home/matteo/Desktop/priv_esc_scripts/linpeas,0,2,3513,18803,grep,0.003000020980834961,0,0
/home/matteo/Desktop/priv_esc_scripts/linpeas,0,2,18809,18811,cut,0.003999948501586914,0,0
/home/matteo/Desktop/priv_esc_scripts/linpeas,0,2,3513,18808,grep,0.003000020980834961,0,0
/home/matteo/Desktop/priv_esc_scripts/linpeas,0,2,18814,18816,cut,0.003999948501586914,0,0
/home/matteo/Desktop/priv_esc_scripts/linpeas,0,2,3513,18813,grep,0.003000020980834961,0,0
/home/matteo/Desktop/priv_esc_scripts/linpeas,0,2,18819,18821,cut,0.004000186920166016,0,0
/home/matteo/Desktop/priv_esc_scripts/linpeas,0,2,3513,18818,grep,0.003999948501586914,0,0
/home/matteo/Desktop/priv_esc_scripts/linpeas,0,2,18824,18826,cut,0.003000020980834961,0,0
/home/matteo/Desktop/priv_esc_scripts/linpeas,0,2,3513,18823,grep,0.0019998550415039062,0,0
/home/matteo/Desktop/priv_esc_scripts/linpeas,0,2,18829,18831,cut,0.004000186920166016,0,0
/home/matteo/Desktop/priv_esc_scripts/linpeas,0,2,3513,18828,grep,0.003999948501586914,0,0
/home/matteo/Desktop/priv_esc_scripts/linpeas,0,2,18834,18836,cut,0.004999876022338867,0,0
/home/matteo/Desktop/priv_esc_scripts/linpeas,0,2,3513,18833,grep,0.0010001659393310547,0,0
/home/matteo/Desktop/priv_esc_scripts/linpeas,0,2,18839,18841,cut,0.004999876022338867,0,0
/home/matteo/Desktop/priv_esc_scripts/linpeas,0,2,3513,18838,grep,0.005000114440917969,0,0
/home/matteo/Desktop/priv_esc_scripts/linpeas,0,2,18844,18846,cut,0.003999948501586914,0,0
/home/matteo/Desktop/priv_esc_scripts/linpeas,0,2,3513,18843,grep,0.003000020980834961,0,0
/home/matteo/Desktop/priv_esc_scripts/linpeas,0,2,18849,18851,cut,0.006999969482421875,0,0
/home/matteo/Desktop/priv_esc_scripts/linpeas,0,2,3513,18848,grep,0.003000020980834961,0,0
/home/matteo/Desktop/priv_esc_scripts/linpeas,0,2,18854,18856,cut,0.003999948501586914,0,0
/home/matteo/Desktop/priv_esc_scripts/linpeas,0,2,3513,18853,grep,0.003000020980834961,0,0
/home/matteo/Desktop/priv_esc_scripts/linpeas,0,2,18859,18861,cut,0.006000041961669922,0,0
/home/matteo/Desktop/priv_esc_scripts/linpeas,0,2,3513,18858,grep,0.0019998550415039062,0,0
/home/matteo/Desktop/priv_esc_scripts/linpeas,0,2,18864,18866,cut,0.003000020980834961,0,0
/home/matteo/Desktop/priv_esc_scripts/linpeas,0,2,3513,18863,grep,0.003000020980834961,0,0
/home/matteo/Desktop/priv_esc_scripts/linpeas,0,2,18869,18871,cut,0.003999948501586914,0,0
/home/matteo/Desktop/priv_esc_scripts/linpeas,0,2,3513,18868,grep,0.003000020980834961,0,0
/home/matteo/Desktop/priv_esc_scripts/linpeas,0,2,18874,18876,cut,0.004000186920166016,0,0
/home/matteo/Desktop/priv_esc_scripts/linpeas,0,2,3513,18873,grep,0.0029997825622558594,0,0
/home/matteo/Desktop/priv_esc_scripts/linpeas,0,2,18879,18881,cut,0.006000041961669922,0,0
/home/matteo/Desktop/priv_esc_scripts/linpeas,0,2,3513,18878,grep,0.003000020980834961,0,0
/home/matteo/Desktop/priv_esc_scripts/linpeas,0,2,18884,18886,cut,0.003999948501586914,0,0
/home/matteo/Desktop/priv_esc_scripts/linpeas,0,2,3513,18883,grep,0.003000020980834961,0,0
/home/matteo/Desktop/priv_esc_scripts/linpeas,0,2,18889,18891,cut,0.005000114440917969,0,0
/home/matteo/Desktop/priv_esc_scripts/linpeas,0,2,3513,18888,grep,0.003000020980834961,0,0
/home/matteo/Desktop/priv_esc_scripts/linpeas,0,2,18894,18896,cut,0.004999876022338867,0,0
/home/matteo/Desktop/priv_esc_scripts/linpeas,0,2,3513,18893,grep,0.002000093460083008,0,0
/home/matteo/Desktop/priv_esc_scripts/linpeas,0,2,18899,18901,cut,0.003000020980834961,0,0
/home/matteo/Desktop/priv_esc_scripts/linpeas,0,2,3513,18898,grep,0.004999876022338867,0,0
/home/matteo/Desktop/priv_esc_scripts/linpeas,0,2,18904,18906,cut,0.004000186920166016,0,0
/home/matteo/Desktop/priv_esc_scripts/linpeas,0,2,3513,18903,grep,0.0029997825622558594,0,0
/home/matteo/Desktop/priv_esc_scripts/linpeas,0,2,18909,18911,cut,0.004000186920166016,0,0
/home/matteo/Desktop/priv_esc_scripts/linpeas,0,2,3513,18908,grep,0.003000020980834961,0,0
/home/matteo/Desktop/priv_esc_scripts/linpeas,0,2,18914,18916,cut,0.004999876022338867,0,0
/home/matteo/Desktop/priv_esc_scripts/linpeas,0,2,3513,18913,grep,0.0009999275207519531,0,0
/home/matteo/Desktop/priv_esc_scripts/linpeas,0,2,18919,18921,cut,0.005000114440917969,0,0
/home/matteo/Desktop/priv_esc_scripts/linpeas,0,2,3513,18918,grep,0.003999948501586914,0,0
/home/matteo/Desktop/priv_esc_scripts/linpeas,0,2,18924,18926,cut,0.003999948501586914,0,0
/home/matteo/Desktop/priv_esc_scripts/linpeas,0,2,3513,18923,grep,0.002000093460083008,0,0
/home/matteo/Desktop/priv_esc_scripts/linpeas,0,2,18929,18931,cut,0.004999876022338867,0,0
/home/matteo/Desktop/priv_esc_scripts/linpeas,0,2,3513,18928,grep,0.003000020980834961,0,0
/home/matteo/Desktop/priv_esc_scripts/linpeas,0,2,18934,18936,cut,0.002000093460083008,0,0
/home/matteo/Desktop/priv_esc_scripts/linpeas,0,2,3513,18933,grep,0.004999876022338867,0,0
/home/matteo/Desktop/priv_esc_scripts/linpeas,0,2,3513,18938,grep,0.003000020980834961,0,0
/home/matteo/Desktop/priv_esc_scripts/linpeas,0,2,3513,18940,grep,0.004000186920166016,0,0
/home/matteo/Desktop/priv_esc_scripts/linpeas,0,2,3513,18942,grep,0.003000020980834961,0,0
/home/matteo/Desktop/priv_esc_scripts/linpeas,0,2,3513,18944,grep,0.0029997825622558594,0,0
/home/matteo/Desktop/priv_esc_scripts/linpeas,0,2,3513,18946,grep,0.003000020980834961,0,0
/home/matteo/Desktop/priv_esc_scripts/linpeas,0,2,3513,18948,grep,0.004000186920166016,0,0
/home/matteo/Desktop/priv_esc_scripts/linpeas,0,2,3513,18950,sed,0.0029997825622558594,0,0
/home/matteo/Desktop/priv_esc_scripts/linpeas,0,2,3513,18951,ls,0.005000114440917969,0,0
/home/matteo/Desktop/priv_esc_scripts/linpeas,0,2,3513,18953,grep,0.003000020980834961,0,0
/home/matteo/Desktop/priv_esc_scripts/linpeas,0,2,18954,18956,awk,0.006000041961669922,0,0
/home/matteo/Desktop/priv_esc_scripts/linpeas,0,2,18959,18961,cut,0.006000041961669922,0,0
/home/matteo/Desktop/priv_esc_scripts/linpeas,0,2,3513,18958,grep,0.003999948501586914,0,0
/home/matteo/Desktop/priv_esc_scripts/linpeas,0,2,18964,18966,cut,0.0019998550415039062,0,0
/home/matteo/Desktop/priv_esc_scripts/linpeas,0,2,3513,18963,grep,0.002000093460083008,0,0
/home/matteo/Desktop/priv_esc_scripts/linpeas,0,2,18969,18971,cut,0.003000020980834961,0,0
/home/matteo/Desktop/priv_esc_scripts/linpeas,0,2,3513,18968,grep,0.003000020980834961,0,0
/home/matteo/Desktop/priv_esc_scripts/linpeas,0,2,18974,18976,cut,0.006000041961669922,0,0
/home/matteo/Desktop/priv_esc_scripts/linpeas,0,2,3513,18973,grep,0.003000020980834961,0,0
/home/matteo/Desktop/priv_esc_scripts/linpeas,0,2,18979,18981,cut,0.003999948501586914,0,0
/home/matteo/Desktop/priv_esc_scripts/linpeas,0,2,3513,18978,grep,0.0009999275207519531,0,0
/home/matteo/Desktop/priv_esc_scripts/linpeas,0,2,18984,18986,cut,0.003000020980834961,0,0
/home/matteo/Desktop/priv_esc_scripts/linpeas,0,2,3513,18983,grep,0.003000020980834961,0,0
/home/matteo/Desktop/priv_esc_scripts/linpeas,0,2,18989,18991,cut,0.003000020980834961,0,0
/home/matteo/Desktop/priv_esc_scripts/linpeas,0,2,3513,18988,grep,0.003000020980834961,0,0
/home/matteo/Desktop/priv_esc_scripts/linpeas,0,2,18994,18996,cut,0.004999876022338867,0,0
/home/matteo/Desktop/priv_esc_scripts/linpeas,0,2,3513,18993,grep,0.003000020980834961,0,0
/home/matteo/Desktop/priv_esc_scripts/linpeas,0,2,18999,19001,cut,0.003000020980834961,0,0
/home/matteo/Desktop/priv_esc_scripts/linpeas,0,2,3513,18998,grep,0.005000114440917969,0,0
/home/matteo/Desktop/priv_esc_scripts/linpeas,0,2,19004,19006,cut,0.0,0,0
/home/matteo/Desktop/priv_esc_scripts/linpeas,0,2,3513,19003,grep,0.004999876022338867,0,0
/home/matteo/Desktop/priv_esc_scripts/linpeas,0,2,19009,19011,cut,0.002000093460083008,0,0
/home/matteo/Desktop/priv_esc_scripts/linpeas,0,2,3513,19008,grep,0.003000020980834961,0,0
/home/matteo/Desktop/priv_esc_scripts/linpeas,0,2,19014,19016,cut,0.003999948501586914,0,0
/home/matteo/Desktop/priv_esc_scripts/linpeas,0,2,3513,19013,grep,0.003999948501586914,0,0
/home/matteo/Desktop/priv_esc_scripts/linpeas,0,2,19019,19021,cut,0.003999948501586914,0,0
/home/matteo/Desktop/priv_esc_scripts/linpeas,0,2,3513,19018,grep,0.003000020980834961,0,0
/home/matteo/Desktop/priv_esc_scripts/linpeas,0,2,19024,19026,cut,0.002000093460083008,0,0
/home/matteo/Desktop/priv_esc_scripts/linpeas,0,2,3513,19023,grep,0.003000020980834961,0,0
/home/matteo/Desktop/priv_esc_scripts/linpeas,0,2,19029,19031,cut,0.0019998550415039062,0,0
/home/matteo/Desktop/priv_esc_scripts/linpeas,0,2,3513,19028,grep,0.004000186920166016,0,0
/home/matteo/Desktop/priv_esc_scripts/linpeas,0,2,19034,19036,cut,0.0029997825622558594,0,0
/home/matteo/Desktop/priv_esc_scripts/linpeas,0,2,3513,19033,grep,0.004000186920166016,0,0
/home/matteo/Desktop/priv_esc_scripts/linpeas,0,2,19039,19041,cut,0.003000020980834961,0,0
/home/matteo/Desktop/priv_esc_scripts/linpeas,0,2,3513,19038,grep,0.0029997825622558594,0,0
/home/matteo/Desktop/priv_esc_scripts/linpeas,0,2,19044,19046,cut,0.003000020980834961,0,0
/home/matteo/Desktop/priv_esc_scripts/linpeas,0,2,3513,19043,grep,0.003000020980834961,0,0
/home/matteo/Desktop/priv_esc_scripts/linpeas,0,2,19049,19051,cut,0.002000093460083008,0,0
/home/matteo/Desktop/priv_esc_scripts/linpeas,0,2,3513,19048,grep,0.003999948501586914,0,0
/home/matteo/Desktop/priv_esc_scripts/linpeas,0,2,19054,19056,cut,0.012000083923339844,0,0
/home/matteo/Desktop/priv_esc_scripts/linpeas,0,2,3513,19053,grep,0.003999948501586914,0,0
/home/matteo/Desktop/priv_esc_scripts/linpeas,0,2,19059,19061,cut,0.003999948501586914,0,0
/home/matteo/Desktop/priv_esc_scripts/linpeas,0,2,3513,19058,grep,0.003000020980834961,0,0
/home/matteo/Desktop/priv_esc_scripts/linpeas,0,2,19064,19066,cut,0.08899998664855957,0,0
/home/matteo/Desktop/priv_esc_scripts/linpeas,0,2,3513,19063,grep,0.01399993896484375,0,0
/home/matteo/Desktop/priv_esc_scripts/linpeas,0,2,19069,19071,cut,0.04900002479553223,0,0
/home/matteo/Desktop/priv_esc_scripts/linpeas,0,2,3513,19068,grep,0.004000186920166016,0,0
/home/matteo/Desktop/priv_esc_scripts/linpeas,0,2,19074,19076,cut,0.007999897003173828,0,0
/home/matteo/Desktop/priv_esc_scripts/linpeas,0,2,3513,19073,grep,0.006000041961669922,0,0
/home/matteo/Desktop/priv_esc_scripts/linpeas,0,2,19079,19081,cut,0.006000041961669922,0,0
/home/matteo/Desktop/priv_esc_scripts/linpeas,0,2,3513,19078,grep,0.003999948501586914,0,0
/home/matteo/Desktop/priv_esc_scripts/linpeas,0,2,19084,19086,cut,0.003999948501586914,0,0
/home/matteo/Desktop/priv_esc_scripts/linpeas,0,2,3513,19083,grep,0.006000041961669922,0,0
/home/matteo/Desktop/priv_esc_scripts/linpeas,0,2,19089,19091,cut,0.004999876022338867,0,0
/home/matteo/Desktop/priv_esc_scripts/linpeas,0,2,3513,19088,grep,0.004000186920166016,0,0
/home/matteo/Desktop/priv_esc_scripts/linpeas,0,2,19094,19096,cut,0.00599980354309082,0,0
/home/matteo/Desktop/priv_esc_scripts/linpeas,0,2,3513,19093,grep,0.004000186920166016,0,0
/home/matteo/Desktop/priv_esc_scripts/linpeas,0,2,19099,19101,cut,0.00599980354309082,0,0
/home/matteo/Desktop/priv_esc_scripts/linpeas,0,2,3513,19098,grep,0.006000041961669922,0,0
/home/matteo/Desktop/priv_esc_scripts/linpeas,0,2,19104,19106,cut,0.006000041961669922,0,0
/home/matteo/Desktop/priv_esc_scripts/linpeas,0,2,3513,19103,grep,0.003000020980834961,0,0
/home/matteo/Desktop/priv_esc_scripts/linpeas,0,2,19109,19111,cut,0.006999969482421875,0,0
/home/matteo/Desktop/priv_esc_scripts/linpeas,0,2,3513,19108,grep,0.003999948501586914,0,0
/home/matteo/Desktop/priv_esc_scripts/linpeas,0,2,19114,19116,cut,0.006000041961669922,0,0
/home/matteo/Desktop/priv_esc_scripts/linpeas,0,2,3513,19113,grep,0.003000020980834961,0,0
/home/matteo/Desktop/priv_esc_scripts/linpeas,0,2,19119,19121,cut,0.006999969482421875,0,0
/home/matteo/Desktop/priv_esc_scripts/linpeas,0,2,3513,19118,grep,0.003000020980834961,0,0
/home/matteo/Desktop/priv_esc_scripts/linpeas,0,2,19124,19126,cut,0.003999948501586914,0,0
/home/matteo/Desktop/priv_esc_scripts/linpeas,0,2,3513,19123,grep,0.004000186920166016,0,0
/home/matteo/Desktop/priv_esc_scripts/linpeas,0,2,19129,19131,cut,0.00599980354309082,0,0
/home/matteo/Desktop/priv_esc_scripts/linpeas,0,2,3513,19128,grep,0.004000186920166016,0,0
/home/matteo/Desktop/priv_esc_scripts/linpeas,0,2,19134,19136,cut,0.003999948501586914,0,0
/home/matteo/Desktop/priv_esc_scripts/linpeas,0,2,3513,19133,grep,0.003000020980834961,0,0
/home/matteo/Desktop/priv_esc_scripts/linpeas,0,2,19139,19141,cut,0.004999876022338867,0,0
/home/matteo/Desktop/priv_esc_scripts/linpeas,0,2,3513,19138,grep,0.003000020980834961,0,0
/home/matteo/Desktop/priv_esc_scripts/linpeas,0,2,19144,19146,cut,0.006000041961669922,0,0
/home/matteo/Desktop/priv_esc_scripts/linpeas,0,2,3513,19143,grep,0.003999948501586914,0,0
/home/matteo/Desktop/priv_esc_scripts/linpeas,0,2,19149,19151,cut,0.005000114440917969,0,0
/home/matteo/Desktop/priv_esc_scripts/linpeas,0,2,3513,19148,grep,0.0019998550415039062,0,0
/home/matteo/Desktop/priv_esc_scripts/linpeas,0,2,19154,19156,cut,0.004000186920166016,0,0
/home/matteo/Desktop/priv_esc_scripts/linpeas,0,2,3513,19153,grep,0.0029997825622558594,0,0
/home/matteo/Desktop/priv_esc_scripts/linpeas,0,2,19159,19161,cut,0.005000114440917969,0,0
/home/matteo/Desktop/priv_esc_scripts/linpeas,0,2,3513,19158,grep,0.002000093460083008,0,0
/home/matteo/Desktop/priv_esc_scripts/linpeas,0,2,19164,19166,cut,0.004999876022338867,0,0
/home/matteo/Desktop/priv_esc_scripts/linpeas,0,2,3513,19163,grep,0.003000020980834961,0,0
/home/matteo/Desktop/priv_esc_scripts/linpeas,0,2,19169,19171,cut,0.005000114440917969,0,0
/home/matteo/Desktop/priv_esc_scripts/linpeas,0,2,3513,19168,grep,0.003999948501586914,0,0
/home/matteo/Desktop/priv_esc_scripts/linpeas,0,2,19174,19176,cut,0.003999948501586914,0,0
/home/matteo/Desktop/priv_esc_scripts/linpeas,0,2,3513,19173,grep,0.003000020980834961,0,0
/home/matteo/Desktop/priv_esc_scripts/linpeas,0,2,19179,19181,cut,0.003999948501586914,0,0
/home/matteo/Desktop/priv_esc_scripts/linpeas,0,2,3513,19178,grep,0.003999948501586914,0,0
/home/matteo/Desktop/priv_esc_scripts/linpeas,0,2,19184,19186,cut,0.004000186920166016,0,0
/home/matteo/Desktop/priv_esc_scripts/linpeas,0,2,3513,19183,grep,0.0019998550415039062,0,0
/home/matteo/Desktop/priv_esc_scripts/linpeas,0,2,19189,19191,cut,0.006000041961669922,0,0
/home/matteo/Desktop/priv_esc_scripts/linpeas,0,2,3513,19188,grep,0.002000093460083008,0,0
/home/matteo/Desktop/priv_esc_scripts/linpeas,0,2,19194,19196,cut,0.006999969482421875,0,0
/home/matteo/Desktop/priv_esc_scripts/linpeas,0,2,3513,19193,grep,0.003000020980834961,0,0
/home/matteo/Desktop/priv_esc_scripts/linpeas,0,2,19199,19201,cut,0.003999948501586914,0,0
/home/matteo/Desktop/priv_esc_scripts/linpeas,0,2,3513,19198,grep,0.004999876022338867,0,0
/home/matteo/Desktop/priv_esc_scripts/linpeas,0,2,19204,19206,cut,0.004000186920166016,0,0
/home/matteo/Desktop/priv_esc_scripts/linpeas,0,2,3513,19203,grep,0.0019998550415039062,0,0
/home/matteo/Desktop/priv_esc_scripts/linpeas,0,2,19209,19211,cut,0.006000041961669922,0,0
/home/matteo/Desktop/priv_esc_scripts/linpeas,0,2,3513,19208,grep,0.003000020980834961,0,0
/home/matteo/Desktop/priv_esc_scripts/linpeas,0,2,19214,19216,cut,0.003000020980834961,0,0
/home/matteo/Desktop/priv_esc_scripts/linpeas,0,2,3513,19213,grep,0.003999948501586914,0,0
/home/matteo/Desktop/priv_esc_scripts/linpeas,0,2,19219,19221,cut,0.003999948501586914,0,0
/home/matteo/Desktop/priv_esc_scripts/linpeas,0,2,3513,19218,grep,0.004000186920166016,0,0
/home/matteo/Desktop/priv_esc_scripts/linpeas,0,2,19224,19226,cut,0.0029997825622558594,0,0
/home/matteo/Desktop/priv_esc_scripts/linpeas,0,2,3513,19223,grep,0.004000186920166016,0,0
/home/matteo/Desktop/priv_esc_scripts/linpeas,0,2,19229,19231,cut,0.003999948501586914,0,0
/home/matteo/Desktop/priv_esc_scripts/linpeas,0,2,3513,19228,grep,0.003999948501586914,0,0
/home/matteo/Desktop/priv_esc_scripts/linpeas,0,2,3513,19233,grep,0.003999948501586914,0,0
/home/matteo/Desktop/priv_esc_scripts/linpeas,0,2,3513,19235,grep,0.005000114440917969,0,0
/home/matteo/Desktop/priv_esc_scripts/linpeas,0,2,3513,19237,grep,0.003000020980834961,0,0
/home/matteo/Desktop/priv_esc_scripts/linpeas,0,2,3513,19244,sed,0.003999948501586914,0,0
/home/matteo/Desktop/priv_esc_scripts/linpeas,0,2,3513,19240,sed,0.002000093460083008,0,0
/home/matteo/Desktop/priv_esc_scripts/linpeas,0,2,3513,19241,sed,-0.002000093460083008,0,0
/home/matteo/Desktop/priv_esc_scripts/linpeas,0,2,3513,19242,sed,0.007999897003173828,0,0
/home/matteo/Desktop/priv_esc_scripts/linpeas,0,2,3513,19239,sed,0.0010001659393310547,0,0
/home/matteo/Desktop/priv_esc_scripts/linpeas,0,2,3513,19243,sed,-0.006999969482421875,0,0
/home/matteo/Desktop/priv_esc_scripts/linpeas,0,2,3513,19245,ls,0.017999887466430664,0,0
/home/matteo/Desktop/priv_esc_scripts/linpeas,0,2,3513,19247,grep,0.003999948501586914,0,0
/home/matteo/Desktop/priv_esc_scripts/linpeas,0,2,19248,19250,awk,0.003999948501586914,0,0
/home/matteo/Desktop/priv_esc_scripts/linpeas,0,2,19253,19255,cut,0.0070002079010009766,0,0
/home/matteo/Desktop/priv_esc_scripts/linpeas,0,2,3513,19252,grep,0.0029997825622558594,0,0
/home/matteo/Desktop/priv_esc_scripts/linpeas,0,2,19258,19260,cut,0.0070002079010009766,0,0
/home/matteo/Desktop/priv_esc_scripts/linpeas,0,2,3513,19257,grep,0.003999948501586914,0,0
/home/matteo/Desktop/priv_esc_scripts/linpeas,0,2,19263,19265,cut,0.046000003814697266,0,0
/home/matteo/Desktop/priv_esc_scripts/linpeas,0,2,3513,19262,grep,0.006999969482421875,0,0
/home/matteo/Desktop/priv_esc_scripts/linpeas,0,2,19268,19270,cut,0.009999990463256836,0,0
/home/matteo/Desktop/priv_esc_scripts/linpeas,0,2,3513,19267,grep,0.04999995231628418,0,0
/home/matteo/Desktop/priv_esc_scripts/linpeas,0,2,19273,19275,cut,0.01100015640258789,0,0
/home/matteo/Desktop/priv_esc_scripts/linpeas,0,2,3513,19272,grep,0.0029997825622558594,0,0
/home/matteo/Desktop/priv_esc_scripts/linpeas,0,2,19278,19280,cut,0.005000114440917969,0,0
/home/matteo/Desktop/priv_esc_scripts/linpeas,0,2,3513,19277,grep,0.003000020980834961,0,0
/home/matteo/Desktop/priv_esc_scripts/linpeas,0,2,19283,19285,cut,0.004999876022338867,0,0
/home/matteo/Desktop/priv_esc_scripts/linpeas,0,2,3513,19282,grep,0.002000093460083008,0,0
/home/matteo/Desktop/priv_esc_scripts/linpeas,0,2,19288,19290,cut,0.005000114440917969,0,0
/home/matteo/Desktop/priv_esc_scripts/linpeas,0,2,3513,19287,grep,0.0029997825622558594,0,0
/home/matteo/Desktop/priv_esc_scripts/linpeas,0,2,19293,19295,cut,0.004000186920166016,0,0
/home/matteo/Desktop/priv_esc_scripts/linpeas,0,2,3513,19292,grep,0.004999876022338867,0,0
/home/matteo/Desktop/priv_esc_scripts/linpeas,0,2,19298,19300,cut,0.005000114440917969,0,0
/home/matteo/Desktop/priv_esc_scripts/linpeas,0,2,3513,19297,grep,0.0019998550415039062,0,0
/home/matteo/Desktop/priv_esc_scripts/linpeas,0,2,19303,19305,cut,0.00800013542175293,0,0
/home/matteo/Desktop/priv_esc_scripts/linpeas,0,2,3513,19302,grep,0.0019998550415039062,0,0
/home/matteo/Desktop/priv_esc_scripts/linpeas,0,2,19308,19310,cut,0.005000114440917969,0,0
/home/matteo/Desktop/priv_esc_scripts/linpeas,0,2,3513,19307,grep,0.0019998550415039062,0,0
/home/matteo/Desktop/priv_esc_scripts/linpeas,0,2,19313,19315,cut,0.005000114440917969,0,0
/home/matteo/Desktop/priv_esc_scripts/linpeas,0,2,3513,19312,grep,0.003999948501586914,0,0
/home/matteo/Desktop/priv_esc_scripts/linpeas,0,2,19318,19320,cut,0.005000114440917969,0,0
/home/matteo/Desktop/priv_esc_scripts/linpeas,0,2,3513,19317,grep,0.0019998550415039062,0,0
/home/matteo/Desktop/priv_esc_scripts/linpeas,0,2,19323,19325,cut,0.006000041961669922,0,0
/home/matteo/Desktop/priv_esc_scripts/linpeas,0,2,3513,19322,grep,0.04400014877319336,0,0
/home/matteo/Desktop/priv_esc_scripts/linpeas,0,2,19328,19330,cut,0.008999824523925781,0,0
/home/matteo/Desktop/priv_esc_scripts/linpeas,0,2,3513,19327,grep,0.003000020980834961,0,0
/home/matteo/Desktop/priv_esc_scripts/linpeas,0,2,19333,19335,cut,0.003999948501586914,0,0
/home/matteo/Desktop/priv_esc_scripts/linpeas,0,2,3513,19332,grep,0.003000020980834961,0,0
/home/matteo/Desktop/priv_esc_scripts/linpeas,0,2,19338,19340,cut,0.005000114440917969,0,0
/home/matteo/Desktop/priv_esc_scripts/linpeas,0,2,3513,19337,grep,0.003000020980834961,0,0
/home/matteo/Desktop/priv_esc_scripts/linpeas,0,2,19343,19345,cut,0.006000041961669922,0,0
/home/matteo/Desktop/priv_esc_scripts/linpeas,0,2,3513,19342,grep,0.0019998550415039062,0,0
/home/matteo/Desktop/priv_esc_scripts/linpeas,0,2,19348,19350,cut,0.006000041961669922,0,0
/home/matteo/Desktop/priv_esc_scripts/linpeas,0,2,3513,19347,grep,0.002000093460083008,0,0
/home/matteo/Desktop/priv_esc_scripts/linpeas,0,2,19353,19355,cut,0.003000020980834961,0,0
/home/matteo/Desktop/priv_esc_scripts/linpeas,0,2,3513,19352,grep,0.004999876022338867,0,0
/home/matteo/Desktop/priv_esc_scripts/linpeas,0,2,19358,19360,cut,0.005000114440917969,0,0
/home/matteo/Desktop/priv_esc_scripts/linpeas,0,2,3513,19357,grep,0.0029997825622558594,0,0
/home/matteo/Desktop/priv_esc_scripts/linpeas,0,2,19363,19365,cut,0.003000020980834961,0,0
/home/matteo/Desktop/priv_esc_scripts/linpeas,0,2,3513,19362,grep,0.003000020980834961,0,0
/home/matteo/Desktop/priv_esc_scripts/linpeas,0,2,19368,19370,cut,0.006000041961669922,0,0
/home/matteo/Desktop/priv_esc_scripts/linpeas,0,2,3513,19367,grep,0.003000020980834961,0,0
/home/matteo/Desktop/priv_esc_scripts/linpeas,0,2,19373,19375,cut,0.005000114440917969,0,0
/home/matteo/Desktop/priv_esc_scripts/linpeas,0,2,3513,19372,grep,0.0029997825622558594,0,0
/home/matteo/Desktop/priv_esc_scripts/linpeas,0,2,19378,19380,cut,0.004000186920166016,0,0
/home/matteo/Desktop/priv_esc_scripts/linpeas,0,2,3513,19377,grep,0.003000020980834961,0,0
/home/matteo/Desktop/priv_esc_scripts/linpeas,0,2,19383,19385,cut,0.003999948501586914,0,0
/home/matteo/Desktop/priv_esc_scripts/linpeas,0,2,3513,19382,grep,0.006000041961669922,0,0
/home/matteo/Desktop/priv_esc_scripts/linpeas,0,2,19388,19390,cut,0.004999876022338867,0,0
/home/matteo/Desktop/priv_esc_scripts/linpeas,0,2,3513,19387,grep,0.003000020980834961,0,0
/home/matteo/Desktop/priv_esc_scripts/linpeas,0,2,19393,19395,cut,0.003999948501586914,0,0
/home/matteo/Desktop/priv_esc_scripts/linpeas,0,2,3513,19392,grep,0.003000020980834961,0,0
/home/matteo/Desktop/priv_esc_scripts/linpeas,0,2,19398,19400,cut,0.003999948501586914,0,0
/home/matteo/Desktop/priv_esc_scripts/linpeas,0,2,3513,19397,grep,0.003000020980834961,0,0
/home/matteo/Desktop/priv_esc_scripts/linpeas,0,2,19403,19405,cut,0.004000186920166016,0,0
/home/matteo/Desktop/priv_esc_scripts/linpeas,0,2,3513,19402,grep,0.0029997825622558594,0,0
/home/matteo/Desktop/priv_esc_scripts/linpeas,0,2,19408,19410,cut,0.006000041961669922,0,0
/home/matteo/Desktop/priv_esc_scripts/linpeas,0,2,3513,19407,grep,0.003000020980834961,0,0
/home/matteo/Desktop/priv_esc_scripts/linpeas,0,2,19413,19415,cut,0.003999948501586914,0,0
/home/matteo/Desktop/priv_esc_scripts/linpeas,0,2,3513,19412,grep,0.003000020980834961,0,0
/home/matteo/Desktop/priv_esc_scripts/linpeas,0,2,19418,19420,cut,0.005000114440917969,0,0
/home/matteo/Desktop/priv_esc_scripts/linpeas,0,2,3513,19417,grep,0.003000020980834961,0,0
/home/matteo/Desktop/priv_esc_scripts/linpeas,0,2,19423,19425,cut,0.004999876022338867,0,0
/home/matteo/Desktop/priv_esc_scripts/linpeas,0,2,3513,19422,grep,0.003000020980834961,0,0
/home/matteo/Desktop/priv_esc_scripts/linpeas,0,2,19428,19430,cut,0.006000041961669922,0,0
/home/matteo/Desktop/priv_esc_scripts/linpeas,0,2,3513,19427,grep,0.003000020980834961,0,0
/home/matteo/Desktop/priv_esc_scripts/linpeas,0,2,19433,19435,cut,0.003999948501586914,0,0
/home/matteo/Desktop/priv_esc_scripts/linpeas,0,2,3513,19432,grep,0.003000020980834961,0,0
/home/matteo/Desktop/priv_esc_scripts/linpeas,0,2,19438,19440,cut,0.003999948501586914,0,0
/home/matteo/Desktop/priv_esc_scripts/linpeas,0,2,3513,19437,grep,0.003999948501586914,0,0
/home/matteo/Desktop/priv_esc_scripts/linpeas,0,2,19443,19445,cut,0.006000041961669922,0,0
/home/matteo/Desktop/priv_esc_scripts/linpeas,0,2,3513,19442,grep,0.003999948501586914,0,0
/home/matteo/Desktop/priv_esc_scripts/linpeas,0,2,19448,19450,cut,0.005000114440917969,0,0
/home/matteo/Desktop/priv_esc_scripts/linpeas,0,2,3513,19447,grep,0.003000020980834961,0,0
/home/matteo/Desktop/priv_esc_scripts/linpeas,0,2,19453,19455,cut,0.003000020980834961,0,0
/home/matteo/Desktop/priv_esc_scripts/linpeas,0,2,3513,19452,grep,0.003999948501586914,0,0
/home/matteo/Desktop/priv_esc_scripts/linpeas,0,2,19458,19460,cut,0.005000114440917969,0,0
/home/matteo/Desktop/priv_esc_scripts/linpeas,0,2,3513,19457,grep,0.003999948501586914,0,0
/home/matteo/Desktop/priv_esc_scripts/linpeas,0,2,19463,19465,cut,0.003000020980834961,0,0
/home/matteo/Desktop/priv_esc_scripts/linpeas,0,2,3513,19462,grep,0.003999948501586914,0,0
/home/matteo/Desktop/priv_esc_scripts/linpeas,0,2,19468,19470,cut,0.004999876022338867,0,0
/home/matteo/Desktop/priv_esc_scripts/linpeas,0,2,3513,19467,grep,0.002000093460083008,0,0
/home/matteo/Desktop/priv_esc_scripts/linpeas,0,2,19473,19475,cut,0.006000041961669922,0,0
/home/matteo/Desktop/priv_esc_scripts/linpeas,0,2,3513,19472,grep,0.003000020980834961,0,0
/home/matteo/Desktop/priv_esc_scripts/linpeas,0,2,19478,19480,cut,0.003999948501586914,0,0
/home/matteo/Desktop/priv_esc_scripts/linpeas,0,2,3513,19477,grep,0.003999948501586914,0,0
/home/matteo/Desktop/priv_esc_scripts/linpeas,0,2,19483,19485,cut,0.005000114440917969,0,0
/home/matteo/Desktop/priv_esc_scripts/linpeas,0,2,3513,19482,grep,0.003000020980834961,0,0
/home/matteo/Desktop/priv_esc_scripts/linpeas,0,2,19488,19490,cut,0.003000020980834961,0,0
/home/matteo/Desktop/priv_esc_scripts/linpeas,0,2,3513,19487,grep,0.0029997825622558594,0,0
/home/matteo/Desktop/priv_esc_scripts/linpeas,0,2,19493,19495,cut,0.0070002079010009766,0,0
/home/matteo/Desktop/priv_esc_scripts/linpeas,0,2,3513,19492,grep,0.004999876022338867,0,0
/home/matteo/Desktop/priv_esc_scripts/linpeas,0,2,19498,19500,cut,0.003999948501586914,0,0
/home/matteo/Desktop/priv_esc_scripts/linpeas,0,2,3513,19497,grep,0.002000093460083008,0,0
/home/matteo/Desktop/priv_esc_scripts/linpeas,0,2,19503,19505,cut,0.006000041961669922,0,0
/home/matteo/Desktop/priv_esc_scripts/linpeas,0,2,3513,19502,grep,0.003000020980834961,0,0
/home/matteo/Desktop/priv_esc_scripts/linpeas,0,2,19508,19510,cut,0.004999876022338867,0,0
/home/matteo/Desktop/priv_esc_scripts/linpeas,0,2,3513,19507,grep,0.002000093460083008,0,0
/home/matteo/Desktop/priv_esc_scripts/linpeas,0,2,19513,19515,cut,0.003999948501586914,0,0
/home/matteo/Desktop/priv_esc_scripts/linpeas,0,2,3513,19512,grep,0.005000114440917969,0,0
/home/matteo/Desktop/priv_esc_scripts/linpeas,0,2,19518,19520,cut,0.003999948501586914,0,0
/home/matteo/Desktop/priv_esc_scripts/linpeas,0,2,3513,19517,grep,0.003000020980834961,0,0
/home/matteo/Desktop/priv_esc_scripts/linpeas,0,2,19523,19525,cut,0.004999876022338867,0,0
/home/matteo/Desktop/priv_esc_scripts/linpeas,0,2,3513,19522,grep,0.003000020980834961,0,0
/home/matteo/Desktop/priv_esc_scripts/linpeas,0,2,3513,19527,grep,0.003999948501586914,0,0
/home/matteo/Desktop/priv_esc_scripts/linpeas,0,2,3513,19529,grep,0.005000114440917969,0,0
/home/matteo/Desktop/priv_esc_scripts/linpeas,0,2,3513,19531,grep,0.003000020980834961,0,0
/home/matteo/Desktop/priv_esc_scripts/linpeas,0,2,3513,19533,grep,0.003999948501586914,0,0
/home/matteo/Desktop/priv_esc_scripts/linpeas,0,2,3513,19536,sed,0.004999876022338867,0,0
